snapshot_date,snapshot_time,rank,symbol,name,last_price,percent_change,volume,market_cap,high_52w,pct_change_1m,weighted_alpha,score,breadth,lists,s_breakout,s_momentum,s_trend,s_participation,s_options
2026-05-31,2026-05-31 23:19:18 EDT,1,SPCE,Virgin Galactic Holdings Inc,6.18,36.42,177666052.0,622223646.0,6.61,159.66,,68.9,4,"52WH,1M,ACT,OPT",24.3,17.9,0.0,13.7,12.9
2026-05-31,2026-05-31 23:19:18 EDT,2,DELL,Dell Technologies,420.91,32.76,41764457.0,273409787681.0,429.15,101.44,269.35,65.3,5,"52WH,1M,BC,ACT,OPT",24.7,10.1,10.0,9.2,11.3
2026-05-31,2026-05-31 23:19:18 EDT,3,MU,Micron Technology Inc,971.0,5.140000000000001,60337986.0,1095029763521.0,981.0,87.76,790.24,64.0,5,"52WH,1M,BC,ACT,OPT",22.2,4.3,17.4,8.8,11.3
2026-05-31,2026-05-31 23:19:18 EDT,4,QTEX,QTREX Quantum Ltd.,3.07,2.33,107770846.0,136532908.0,3.7,593.79,,54.0,3,"52WH,1M,ACT",17.6,24.5,0.0,11.8,0.0
2026-05-31,2026-05-31 23:19:18 EDT,5,ASTC,Astrotech Corp,49.8,69.22,29622673.0,87595859.0,68.85,1470.98,,47.6,2,"52WH,1M",22.6,25.0,0.0,0.0,0.0
2026-05-31,2026-05-31 23:19:18 EDT,6,SNDK,SanDisk Corp,1694.98,3.25,8725182.0,251009178014.0,1708.83,,2526.17,45.0,3,"52WH,BC,OPT",20.5,0.0,17.6,0.0,6.9
2026-05-31,2026-05-31 23:19:18 EDT,7,HPE,Hewlett Packard Enterprise Co,43.04,12.64,85880129.0,57107799990.0,44.58,,,44.9,3,"52WH,ACT,OPT",23.9,0.0,0.0,10.5,10.6
2026-05-31,2026-05-31 23:19:18 EDT,8,F,Ford Mtr Co Del,17.44,4.74,154169569.0,69493039467.0,17.78,,,43.4,3,"52WH,ACT,OPT",22.0,0.0,0.0,9.2,12.2
2026-05-31,2026-05-31 23:19:18 EDT,9,MX,Magnachip Semiconductor Corp N,8.8,29.599999999999998,16157405.0,320679515.0,9.67,158.82,,41.6,2,"52WH,1M",23.9,17.7,0.0,0.0,0.0
2026-05-31,2026-05-31 23:19:18 EDT,10,SLS,Sellas Life Sciences Group Inc,9.31,1.4200000000000002,25849182.0,1731963263.0,9.51,88.08,322.26,40.9,4,"52WH,1M,BC,OPT",16.3,4.8,11.9,0.0,7.9
2026-05-31,2026-05-31 23:19:18 EDT,11,AGL,Agilon Health Inc,92.28,2.11,240425.0,1539579772.0,94.71,230.16,,39.8,2,"52WH,1M",18.6,21.2,0.0,0.0,0.0
2026-05-31,2026-05-31 23:19:18 EDT,12,AVGO,Broadcom Inc,446.77,4.73,41737048.0,2115307704565.0,448.9,,,38.7,3,"52WH,ACT,OPT",22.0,0.0,0.0,5.7,11.0
2026-05-31,2026-05-31 23:19:18 EDT,13,APPS,Digital Turbine Inc,8.78,4.46,14090162.0,1059412175.0,9.26,148.73000000000002,,38.5,2,"52WH,1M",21.4,17.2,0.0,0.0,0.0
2026-05-31,2026-05-31 23:19:18 EDT,14,ENLT,Enlight Renewabl,107.42,4.6,518617.0,14965842269.0,108.65,,478.74,38.4,2,"52WH,BC",21.9,0.0,16.5,0.0,0.0
2026-05-31,2026-05-31 23:19:18 EDT,15,FATE,Fate Therapeutic,2.84,7.9799999999999995,5191886.0,331028088.0,2.88,127.2,,38.1,2,"52WH,1M",23.2,14.9,0.0,0.0,0.0
2026-05-31,2026-05-31 23:19:18 EDT,16,BB,Blackberry,9.0,2.5100000000000002,44962537.0,5274552663.0,9.31,,,36.5,3,"52WH,ACT,OPT",19.2,0.0,0.0,8.7,8.7
2026-05-31,2026-05-31 23:19:18 EDT,17,UMAC,Unusual Machines,31.78,7.359999999999999,26148799.0,1518890872.0,32.36,117.82,,35.3,2,"52WH,1M",23.0,12.4,0.0,0.0,0.0
2026-05-31,2026-05-31 23:19:18 EDT,18,REPL,Replimune Group,8.69,85.68,51288776.0,717556059.0,,238.13,,33.9,2,"1M,ACT",0.0,21.5,0.0,12.4,0.0
2026-05-31,2026-05-31 23:19:18 EDT,19,CIEN,Ciena Corp,580.23,1.76,3864157.0,82043609298.0,605.61,,638.98,33.6,2,"52WH,BC",17.4,0.0,16.2,0.0,0.0
2026-05-31,2026-05-31 23:19:18 EDT,20,BLDP,Ballard Power,6.29,1.6199999999999999,13879469.0,1896283090.0,6.43,85.0,339.05,32.6,3,"52WH,1M,BC",17.1,2.3,13.3,0.0,0.0
2026-05-31,2026-05-31 23:19:18 EDT,21,RDW,Redwire Corporation,24.57,-5.140000000000001,64461696.0,4887433146.0,,167.35999999999999,,31.3,3,"1M,ACT,OPT",0.0,18.7,0.0,7.5,5.2
2026-05-31,2026-05-31 23:19:18 EDT,22,PSNL,Personalis,11.4,3.83,4471518.0,1193820517.0,11.85,106.52,,31.3,2,"52WH,1M",20.9,10.4,0.0,0.0,0.0
2026-05-31,2026-05-31 23:19:18 EDT,23,DOCN,Digitalocean Hldgs Inc,155.95,2.6599999999999997,3053335.0,16275594026.0,165.99,,302.75,30.6,2,"52WH,BC",19.1,0.0,11.5,0.0,0.0
2026-05-31,2026-05-31 23:19:18 EDT,24,ARM,ARM HOLDINGS PLC,353.29,5.37,10425162.0,377341545120.0,356.45,,,30.5,2,"52WH,OPT",22.3,0.0,0.0,0.0,8.2
2026-05-31,2026-05-31 23:19:18 EDT,25,QTTB,Q32 BIO INC,11.05,7.180000000000001,1200758.0,187368385.0,13.15,97.32,,30.2,2,"52WH,1M",21.6,8.6,0.0,0.0,0.0
2026-05-31,2026-05-31 23:19:18 EDT,26,OSS,One Stop Sys Inc,18.18,1.51,1408658.0,450300729.0,18.49,91.57,239.97,29.6,3,"52WH,1M,BC",16.6,6.1,7.0,0.0,0.0
2026-05-31,2026-05-31 23:19:18 EDT,27,QCOM,Qualcomm Inc,251.02,3.18,28768726.0,264575080000.0,259.92,,,29.3,2,"52WH,OPT",20.2,0.0,0.0,0.0,9.1
2026-05-31,2026-05-31 23:19:18 EDT,28,CSCO,Cisco Sys Inc,120.42,1.5,42171775.0,474627562359.0,121.43,,,28.9,3,"52WH,ACT,OPT",16.6,0.0,0.0,5.1,7.2
2026-05-31,2026-05-31 23:19:18 EDT,29,BRUN,BOOST RUN INC,34.05,3.46,2975225.0,2091646349.0,39.68,96.14,,27.8,2,"52WH,1M",19.8,8.1,0.0,0.0,0.0
2026-05-31,2026-05-31 23:19:18 EDT,30,DDOG,"Datadog, Inc.",247.35,9.82,9419711.0,88046752749.0,249.81,87.12,,26.9,2,"52WH,1M",23.9,3.0,0.0,0.0,0.0
2026-05-31,2026-05-31 23:19:18 EDT,31,HUT,Hut 8 Mining,124.83,0.47000000000000003,3951210.0,14051044555.0,126.65,,468.47,26.8,2,"52WH,BC",11.7,0.0,15.1,0.0,0.0
2026-05-31,2026-05-31 23:19:18 EDT,32,INTC,Intel Corp,114.68,-5.140000000000001,191281996.0,576381680000.0,132.75,,473.97,26.6,3,"BC,ACT,OPT",0.0,0.0,12.2,5.4,9.1
2026-05-31,2026-05-31 23:19:18 EDT,33,SHLS,"Shoals Technologies Group, Inc.",12.45,2.0500000000000003,6053630.0,2088759121.0,13.18,,260.74,26.6,2,"52WH,BC",17.9,0.0,8.7,0.0,0.0
2026-05-31,2026-05-31 23:19:18 EDT,34,IREN,Iren Limited,63.54,-0.8,50240727.0,22707840945.0,76.87,,332.85,26.3,3,"BC,ACT,OPT",0.0,0.0,11.1,7.7,7.4
2026-05-31,2026-05-31 23:19:18 EDT,35,SMCI,Super Micro Computer Inc,46.09,11.600000000000001,93152572.0,27719377835.0,,,,25.7,2,"ACT,OPT",0.0,0.0,0.0,12.2,13.5
2026-05-31,2026-05-31 23:19:18 EDT,36,VPG,Vishay Precision Group Inc,125.31,0.05,535356.0,1666748310.0,131.68,107.4,402.85,24.9,2,"1M,BC",0.0,10.7,14.2,0.0,0.0
2026-05-31,2026-05-31 23:19:18 EDT,37,VCIG,VCI Global Ltd,8.47,,11227914.0,33067396.0,,789.61,,24.7,1,1M,0.0,24.7,0.0,0.0,0.0
2026-05-31,2026-05-31 23:19:18 EDT,38,SOFI,Sofi Technologies Inc,18.22,7.37,150320593.0,23371544664.0,,,,24.6,2,"ACT,OPT",0.0,0.0,0.0,11.5,13.1
2026-05-31,2026-05-31 23:19:18 EDT,39,OKTA,Okta Inc,123.27,30.14,17574820.0,21614955782.0,124.79,,,24.6,1,52WH,24.6,0.0,0.0,0.0,0.0
2026-05-31,2026-05-31 23:19:18 EDT,40,TE,T1 Energy,10.56,-2.4,32151867.0,2946964173.0,11.43,120.0,361.39,24.4,2,"1M,BC",0.0,13.4,11.0,0.0,0.0
2026-05-31,2026-05-31 23:19:18 EDT,41,BAND,Bandwidth Inc,64.97,12.68,1547769.0,2080164435.0,65.12,,,24.2,1,52WH,24.2,0.0,0.0,0.0,0.0
2026-05-31,2026-05-31 23:19:18 EDT,42,QUCY,Quantum Cyber N.V.,2.56,,4034921.0,58284170.0,,500.23,,24.2,1,1M,0.0,24.2,0.0,0.0,0.0
2026-05-31,2026-05-31 23:19:18 EDT,43,CCCC,"C4 Therapeutics, Inc.",4.37,19.400000000000002,5888565.0,483178760.0,4.575,,,24.1,1,52WH,24.1,0.0,0.0,0.0,0.0
2026-05-31,2026-05-31 23:19:18 EDT,44,NXT,Nextracker Inc.,156.4,14.02,4436865.0,23502927420.0,163.13,,,24.1,1,52WH,24.1,0.0,0.0,0.0,0.0
2026-05-31,2026-05-31 23:19:18 EDT,45,CODX,Co-Diagnostics Inc,8.53,,3357996.0,31197451.0,,450.31999999999994,,24.0,1,1M,0.0,24.0,0.0,0.0,0.0
2026-05-31,2026-05-31 23:19:18 EDT,46,HOOD,"Robinhood Markets, Inc.",94.3,11.15,64300378.0,84917626875.0,,,,23.8,2,"ACT,OPT",0.0,0.0,0.0,10.5,13.3
2026-05-31,2026-05-31 23:19:18 EDT,47,CMPS,Compass Pathways Plc,13.06,9.56,4558400.0,1762438119.0,13.1,,,23.8,1,52WH,23.8,0.0,0.0,0.0,0.0
2026-05-31,2026-05-31 23:19:18 EDT,48,LPL,Lg Display,5.55,10.34,2956551.0,5550000000.0,5.69,,,23.8,1,52WH,23.8,0.0,0.0,0.0,0.0
2026-05-31,2026-05-31 23:19:18 EDT,49,NTAP,Netapp Inc,174.29,22.39,15908348.0,34392715416.0,192.83,,,23.8,1,52WH,23.8,0.0,0.0,0.0,0.0
2026-05-31,2026-05-31 23:19:18 EDT,50,FROG,Jfrog Ltd,79.48,9.22,3328188.0,9626595663.0,79.87,,,23.7,1,52WH,23.7,0.0,0.0,0.0,0.0
2026-05-31,2026-05-31 23:19:18 EDT,51,PANW,Palo Alto,281.69,9.28,14990841.0,228450590000.0,283.71,,,23.7,1,52WH,23.7,0.0,0.0,0.0,0.0
2026-05-31,2026-05-31 23:19:18 EDT,52,YMAT,J-Star Holding,1.37,,20157549.0,27469206.0,,449.43,,23.7,1,1M,0.0,23.7,0.0,0.0,0.0
2026-05-31,2026-05-31 23:19:18 EDT,53,CRWD,Crowdstrike Holdings,731.0,8.94,4817315.0,186066196851.0,731.49,,,23.5,1,52WH,23.5,0.0,0.0,0.0,0.0
2026-05-31,2026-05-31 23:19:18 EDT,54,LOGI,Logitech Intl S A,121.87,9.049999999999999,3555556.0,17492681743.0,123.57,,,23.5,1,52WH,23.5,0.0,0.0,0.0,0.0
2026-05-31,2026-05-31 23:19:18 EDT,55,PCLA,PicoCELA,8.93,,154941.0,85851278.0,,365.09999999999997,,23.5,1,1M,0.0,23.5,0.0,0.0,0.0
2026-05-31,2026-05-31 23:19:18 EDT,56,ABSI,Absci Corp,6.75,11.020000000000001,9567967.0,1052359128.0,7.34,,,23.4,1,52WH,23.4,0.0,0.0,0.0,0.0
2026-05-31,2026-05-31 23:19:18 EDT,57,BRKR,Bruker Corp,58.89,8.27,6051573.0,8964566997.0,58.98,,,23.4,1,52WH,23.4,0.0,0.0,0.0,0.0
2026-05-31,2026-05-31 23:19:18 EDT,58,OUST,Ouster Inc,46.05,8.790000000000001,6673904.0,2932139301.0,47.32,,,23.2,1,52WH,23.2,0.0,0.0,0.0,0.0
2026-05-31,2026-05-31 23:19:18 EDT,59,PIII,P3 HEALTH PARTNERS INC,12.18,,203917.0,88243880.0,,339.71,,23.2,1,1M,0.0,23.2,0.0,0.0,0.0
2026-05-31,2026-05-31 23:19:18 EDT,60,NOW,Servicenow Inc,124.37,14.38,67815648.0,128263775960.0,,,,23.1,2,"ACT,OPT",0.0,0.0,0.0,10.5,12.7
2026-05-31,2026-05-31 23:19:18 EDT,61,MOV,Movado Group,38.28,7.5600000000000005,538371.0,850858479.0,38.77,,,23.1,1,52WH,23.1,0.0,0.0,0.0,0.0
2026-05-31,2026-05-31 23:19:18 EDT,62,HCWB,Hcw Biologics Inc.,1.98,,2521289.0,14179077.0,,320.2,,23.0,1,1M,0.0,23.0,0.0,0.0,0.0
2026-05-31,2026-05-31 23:19:18 EDT,63,JWEL,Jowell Global Ltd,2.54,13.900000000000002,6595.0,6035372.0,3.0,,,23.0,1,52WH,23.0,0.0,0.0,0.0,0.0
2026-05-31,2026-05-31 23:19:18 EDT,64,MRVL,Marvell Technology Inc,205.0,0.08,33974930.0,179488400465.0,218.26,,301.31,22.9,3,"BC,ACT,OPT",0.0,0.0,10.0,4.9,8.1
2026-05-31,2026-05-31 23:19:18 EDT,65,FTNT,Fortinet,137.97,6.38,9629532.0,101083498506.0,138.11,,,22.9,1,52WH,22.9,0.0,0.0,0.0,0.0
2026-05-31,2026-05-31 23:19:18 EDT,66,PLTR,Palantir Technologies Inc,156.54,9.21,92069204.0,375275216879.0,,,,22.7,2,"ACT,OPT",0.0,0.0,0.0,9.3,13.4
2026-05-31,2026-05-31 23:19:18 EDT,67,JDZG,Jiade Limited,4.8,,824748.0,87911025.0,,303.36,,22.7,1,1M,0.0,22.7,0.0,0.0,0.0
2026-05-31,2026-05-31 23:19:18 EDT,68,CRDO,CREDO TECHNOLOGY GROUP HOLDING,236.03,6.15,7576389.0,43535719338.0,240.81,,,22.6,1,52WH,22.6,0.0,0.0,0.0,0.0
2026-05-31,2026-05-31 23:19:18 EDT,69,SNX,TD SYNNEX CORPORATION,261.28,6.12,1743224.0,21004584779.0,264.81,,,22.6,1,52WH,22.6,0.0,0.0,0.0,0.0
2026-05-31,2026-05-31 23:19:18 EDT,70,TEO,Telecom Argentna,14.71,6.52,1256612.0,6336150125.0,15.25,,,22.6,1,52WH,22.6,0.0,0.0,0.0,0.0
2026-05-31,2026-05-31 23:19:18 EDT,71,AIIO,Robo.ai Inc,2.37,,2747501.0,46886963.0,,279.26,,22.5,1,1M,0.0,22.5,0.0,0.0,0.0
2026-05-31,2026-05-31 23:19:18 EDT,72,ALKS,Alkermes Plc,42.19,5.63,4269407.0,7032052297.0,42.83,,,22.4,1,52WH,22.4,0.0,0.0,0.0,0.0
2026-05-31,2026-05-31 23:19:18 EDT,73,HYLN,Hyliion Holdings Corporation,6.99,,5958516.0,1246507407.0,,265.96999999999997,,22.2,1,1M,0.0,22.2,0.0,0.0,0.0
2026-05-31,2026-05-31 23:19:18 EDT,74,IMOS,Chipmos Technolo,70.26,4.88,248679.0,2459040279.0,70.99,,,22.1,1,52WH,22.1,0.0,0.0,0.0,0.0
2026-05-31,2026-05-31 23:19:18 EDT,75,CHRN,ChronoScale Corp,18.36,0.38,177507.0,2627194475.0,20.7,,324.09,22.0,2,"52WH,BC",10.1,0.0,11.9,0.0,0.0
2026-05-31,2026-05-31 23:19:18 EDT,76,PENG,Penguin Solutions Inc,55.83,3.26,4570014.0,2833233371.0,60.87,83.59,,22.0,2,"52WH,1M",19.9,2.0,0.0,0.0,0.0
2026-05-31,2026-05-31 23:19:18 EDT,77,ECOR,Electrocore,9.76,5.63,346986.0,80966100.0,10.27,,,22.0,1,52WH,22.0,0.0,0.0,0.0,0.0
2026-05-31,2026-05-31 23:19:18 EDT,78,MNTS,Momentus Inc,16.85,,7121592.0,168371906.0,,263.15,,22.0,1,1M,0.0,22.0,0.0,0.0,0.0
2026-05-31,2026-05-31 23:19:18 EDT,79,VATE,Innovate Corp,15.23,5.76,88935.0,207765619.0,16.71,,,21.9,1,52WH,21.9,0.0,0.0,0.0,0.0
2026-05-31,2026-05-31 23:19:18 EDT,80,LIXT,Lixte Biotechnology Hldgs Inc,6.25,4.34,40330.0,77393400.0,6.5,78.57,,21.8,2,"52WH,1M",21.3,0.5,0.0,0.0,0.0
2026-05-31,2026-05-31 23:19:18 EDT,81,BBAI,BIGBEAR AI HLDGS INC,5.04,2.02,106415784.0,2413905228.0,,,,21.7,2,"ACT,OPT",0.0,0.0,0.0,11.0,10.8
2026-05-31,2026-05-31 23:19:18 EDT,82,RXT,"Rackspace Technology, Inc.",5.17,,22842062.0,1288480319.0,,254.11,,21.7,1,1M,0.0,21.7,0.0,0.0,0.0
2026-05-31,2026-05-31 23:19:18 EDT,83,HCHL,HAPPY CITY HLDGS LTD,4.06,11.54,1932401.0,120874320.0,7.25,113.68,260.29,21.4,2,"1M,BC",0.0,12.1,9.3,0.0,0.0
2026-05-31,2026-05-31 23:19:18 EDT,84,SEDG,Solaredge Technologies Inc,76.35,4.32,4160710.0,4643469722.0,81.25,78.14,,21.3,2,"52WH,1M",21.0,0.3,0.0,0.0,0.0
2026-05-31,2026-05-31 23:19:18 EDT,85,AMWL,American Well Corp,9.83,3.91,145157.0,164244387.0,9.83,,,21.3,1,52WH,21.3,0.0,0.0,0.0,0.0
2026-05-31,2026-05-31 23:19:18 EDT,86,FLEX,Flex Ltd,150.78,4.09,11420600.0,55242463229.0,154.25,,,21.3,1,52WH,21.3,0.0,0.0,0.0,0.0
2026-05-31,2026-05-31 23:19:18 EDT,87,PSIG,PS International,8.3,4.01,293266.0,127625547.0,8.42,,,21.3,1,52WH,21.3,0.0,0.0,0.0,0.0
2026-05-31,2026-05-31 23:19:18 EDT,88,MANU,Manchester Utd Plc,21.01,4.58,861813.0,3622845840.0,22.94,,,21.2,1,52WH,21.2,0.0,0.0,0.0,0.0
2026-05-31,2026-05-31 23:19:18 EDT,89,MSFT,Microsoft Corp,450.24,5.45,79564020.0,3344578441128.0,,,,21.1,2,"ACT,OPT",0.0,0.0,0.0,7.7,13.4
2026-05-31,2026-05-31 23:19:18 EDT,90,MPTI,M Tron Ind,91.0,3.7900000000000005,70780.0,393251313.0,91.28,,,21.1,1,52WH,21.1,0.0,0.0,0.0,0.0
2026-05-31,2026-05-31 23:19:18 EDT,91,TUSK,Mammoth Energy Svcs Inc,3.35,4.36,286023.0,161371667.0,3.6,,,21.1,1,52WH,21.1,0.0,0.0,0.0,0.0
2026-05-31,2026-05-31 23:19:18 EDT,92,WYY,Widepoint,11.29,3.7699999999999996,253582.0,111626273.0,11.44,78.08,,21.0,2,"52WH,1M",21.0,0.0,0.0,0.0,0.0
2026-05-31,2026-05-31 23:19:18 EDT,93,TOPP,Toppoint Holdings Inc.,2.55,,1077120.0,50235000.0,,218.67000000000002,,21.0,1,1M,0.0,21.0,0.0,0.0,0.0
2026-05-31,2026-05-31 23:19:18 EDT,94,AKTX,Akari Therapeutics Plc,16.43,,544598.0,18805597.0,,204.25,,20.7,1,1M,0.0,20.7,0.0,0.0,0.0
2026-05-31,2026-05-31 23:19:18 EDT,95,HBM,Hudbay Minerals,29.16,3.29,5320073.0,11582849819.0,29.27,,,20.7,1,52WH,20.7,0.0,0.0,0.0,0.0
2026-05-31,2026-05-31 23:19:18 EDT,96,MRCY,Mercury Sys Inc,111.7,3.32,1521727.0,6706834711.0,113.47,,,20.7,1,52WH,20.7,0.0,0.0,0.0,0.0
2026-05-31,2026-05-31 23:19:18 EDT,97,MARA,MARA Holdings Inc,14.38,2.1999999999999997,47674037.0,5482669833.0,,,,20.5,2,"ACT,OPT",0.0,0.0,0.0,9.4,11.0
2026-05-31,2026-05-31 23:19:18 EDT,98,ICCC,Immucell,10.24,3.4299999999999997,29834.0,92639221.0,10.75,,,20.5,1,52WH,20.5,0.0,0.0,0.0,0.0
2026-05-31,2026-05-31 23:19:18 EDT,99,NCPL,Netcapital Inc,1.1,,3846759.0,8632688.0,,192.94,,20.5,1,1M,0.0,20.5,0.0,0.0,0.0
2026-05-31,2026-05-31 23:19:18 EDT,100,NBIS,Nebius Group N.V. Cl A,231.09,2.1,,58673333651.0,233.73,,314.39,20.4,2,"BC,OPT",0.0,0.0,12.0,0.0,8.4
2026-06-01,2026-06-01 23:08:41 UTC,1,SPCE,Virgin Galactic Holdings Inc,7.52,21.68,285355127.0,757139453.0,8.9,183.76999999999998,,68.8,4,"52WH,1M,ACT,OPT",23.6,19.4,0.0,13.1,12.5
2026-06-01,2026-06-01 23:08:41 UTC,2,DELL,Dell Technologies,465.96,10.7,20787811.0,302672839010.0,469.47,121.71000000000001,311.37,59.8,4,"52WH,1M,BC,OPT",22.8,13.4,14.5,0.0,9.0
2026-06-01,2026-06-01 23:08:41 UTC,3,MU,Micron Technology Inc,1035.5,6.64,46423739.0,1167768609810.0,1046.97,90.98,759.23,59.7,5,"52WH,1M,BC,ACT,OPT",20.4,5.1,16.9,6.7,10.6
2026-06-01,2026-06-01 23:08:41 UTC,4,NOK,Nokia,16.25,9.5,172577744.0,90881571283.0,16.63,,250.94,54.3,4,"52WH,BC,ACT,OPT",21.8,0.0,10.4,8.7,13.3
2026-06-01,2026-06-01 23:08:41 UTC,5,MRVL,Marvell Technology Inc,219.43,7.04,32870580.0,191957364000.0,225.14,,296.43,49.8,4,"52WH,BC,ACT,OPT",20.8,0.0,13.0,6.1,9.9
2026-06-01,2026-06-01 23:08:41 UTC,6,NBIS,Nebius Group,264.51,14.46,24213780.0,67158611294.0,274.8,,330.99,48.4,3,"52WH,BC,OPT",23.6,0.0,15.0,0.0,9.8
2026-06-01,2026-06-01 23:08:41 UTC,7,GRDX,GridAI Tech,6.8,21.21,504591.0,45241352.0,6.93,169.84,,43.7,2,"52WH,1M",24.8,18.9,0.0,0.0,0.0
2026-06-01,2026-06-01 23:08:41 UTC,8,HPE,Hewlett Packard Enterprise Co,47.0,9.2,113623869.0,62362142183.0,47.97,,,43.2,3,"52WH,ACT,OPT",21.6,0.0,0.0,9.8,11.7
2026-06-01,2026-06-01 23:08:41 UTC,9,INOD,Innodata,115.32,9.85,2899057.0,3765815884.0,117.19,161.97,,40.6,2,"52WH,1M",22.2,18.4,0.0,0.0,0.0
2026-06-01,2026-06-01 23:08:41 UTC,10,PIII,P3 HEALTH PARTNERS INC,12.91,5.99,223414.0,93532717.0,16.89,340.61,,40.6,2,"52WH,1M",17.4,23.2,0.0,0.0,0.0
2026-06-01,2026-06-01 23:08:41 UTC,11,VSH,Vishay Intertech,55.99,7.57,10192466.0,7620565253.0,57.54,89.28,369.56,40.2,3,"52WH,1M,BC",21.0,3.5,15.7,0.0,0.0
2026-06-01,2026-06-01 23:08:41 UTC,12,ARM,ARM HOLDINGS PLC,408.85,15.73,20704364.0,436684001026.0,421.69,93.60000000000001,,39.9,3,"52WH,1M,OPT",24.1,6.6,0.0,0.0,9.3
2026-06-01,2026-06-01 23:08:41 UTC,13,HPQ,Hp Inc,29.34,8.51,41577251.0,26832095724.0,29.54,,,39.3,3,"52WH,ACT,OPT",21.5,0.0,0.0,7.0,10.8
2026-06-01,2026-06-01 23:08:41 UTC,14,BB,Blackberry,9.72,8.0,45030764.0,5696516876.0,9.84,79.34,,39.2,4,"52WH,1M,ACT,OPT",21.4,0.3,0.0,7.9,9.7
2026-06-01,2026-06-01 23:08:41 UTC,15,DOCN,Digitalocean Hldgs Inc,173.45,11.219999999999999,5443993.0,18101967194.0,174.39,,354.39,39.1,2,"52WH,BC",23.1,0.0,16.1,0.0,0.0
2026-06-01,2026-06-01 23:08:41 UTC,16,IBM,International Business Machines Corp,320.42,7.6,32849032.0,301158041417.0,327.98,,,38.5,3,"52WH,ACT,OPT",21.1,0.0,0.0,6.2,11.2
2026-06-01,2026-06-01 23:08:41 UTC,17,SNOW,Snowflake Inc,280.16,9.629999999999999,20161711.0,97103456000.0,284.99,98.7,,38.5,3,"52WH,1M,OPT",22.1,8.1,0.0,0.0,8.4
2026-06-01,2026-06-01 23:08:41 UTC,18,APPS,Digital Turbine Inc,9.3,5.92,13179080.0,1122156404.0,9.8,152.72,,36.5,2,"52WH,1M",18.8,17.7,0.0,0.0,0.0
2026-06-01,2026-06-01 23:08:41 UTC,19,SNDK,SanDisk Corp,1761.43,3.92,9664061.0,260849742433.0,1804.0,,2494.94,36.4,3,"52WH,BC,OPT",16.1,0.0,16.8,0.0,3.5
2026-06-01,2026-06-01 23:08:41 UTC,20,BRUN,BOOST RUN INC,39.2,15.120000000000001,3980763.0,2408004020.0,40.98,119.12,,36.4,2,"52WH,1M",23.8,12.6,0.0,0.0,0.0
2026-06-01,2026-06-01 23:08:41 UTC,21,LIXT,Lixte Biotechnology Hldgs Inc,7.21,15.36,816340.0,89281026.0,7.37,113.94999999999999,,35.9,2,"52WH,1M",24.1,11.9,0.0,0.0,0.0
2026-06-01,2026-06-01 23:08:41 UTC,22,TGHL,The GrowHub Limited,1.35,288.15,132798536.0,34154743.0,,265.66,,35.9,2,"1M,ACT",0.0,22.0,0.0,13.9,0.0
2026-06-01,2026-06-01 23:08:41 UTC,23,HUT,Hut 8 Mining,132.38,6.05,4314747.0,14900883427.0,134.38,,431.2,35.4,2,"52WH,BC",19.5,0.0,15.9,0.0,0.0
2026-06-01,2026-06-01 23:08:41 UTC,24,AXTI,Axt Inc,109.55,6.1899999999999995,11366998.0,7167109807.0,143.16,,2305.25,34.9,2,"52WH,BC",17.7,0.0,17.1,0.0,0.0
2026-06-01,2026-06-01 23:08:41 UTC,25,AIIO,Robo.ai Inc,2.92,23.21,38923707.0,57767904.0,,373.8,,34.8,2,"1M,ACT",0.0,23.7,0.0,11.1,0.0
2026-06-01,2026-06-01 23:08:41 UTC,26,PENG,Penguin Solutions Inc,59.71,6.950000000000001,3096205.0,3030133702.0,61.25,91.13,225.8,34.3,3,"52WH,1M,BC",20.6,5.3,8.4,0.0,0.0
2026-06-01,2026-06-01 23:08:41 UTC,27,DMRC,Digimarc Corporation,16.43,11.77,343040.0,365435649.0,16.74,112.82000000000001,,34.3,2,"52WH,1M",23.2,11.1,0.0,0.0,0.0
2026-06-01,2026-06-01 23:08:41 UTC,28,STX,Seagate Technology Hldngs Plc,921.26,4.71,3355606.0,206573201169.0,940.79,,677.37,34.2,2,"52WH,BC",17.9,0.0,16.3,0.0,0.0
2026-06-01,2026-06-01 23:08:41 UTC,29,HKIT,HiTek Global Inc.,6.58,350.68,90329887.0,59001590.0,,208.88,,33.8,2,"1M,ACT",0.0,19.9,0.0,13.9,0.0
2026-06-01,2026-06-01 23:08:41 UTC,30,JZ,Jianzhi Education Technology Group Co Ltd,3.1,325.82,48396995.0,146473078.0,,260.38,,33.8,2,"1M,ACT",0.0,21.5,0.0,12.3,0.0
2026-06-01,2026-06-01 23:08:41 UTC,31,FLNC,"Fluence Energy, Inc.",27.15,43.8,46022571.0,5004035097.0,,122.72000000000001,,33.6,3,"1M,ACT,OPT",0.0,13.6,0.0,10.8,9.2
2026-06-01,2026-06-01 23:08:41 UTC,32,QTTB,Q32 BIO INC,11.66,5.52,1072766.0,197711798.0,13.15,131.35,,33.1,2,"52WH,1M",18.0,15.2,0.0,0.0,0.0
2026-06-01,2026-06-01 23:08:41 UTC,33,QTEX,QTREX Quantum Ltd.,3.08,0.33,43927007.0,136977640.0,,558.12,,32.4,2,"1M,ACT",0.0,24.5,0.0,7.9,0.0
2026-06-01,2026-06-01 23:08:41 UTC,34,ANY,Sphere 3D Corp,4.02,111.57999999999998,127648832.0,17060164.0,,156.05,,32.2,2,"1M,ACT",0.0,18.2,0.0,14.1,0.0
2026-06-01,2026-06-01 23:08:41 UTC,35,DDOG,"Datadog, Inc.",277.49,12.19,11183020.0,98775392845.0,278.71,97.46000000000001,,31.4,2,"52WH,1M",23.6,7.8,0.0,0.0,0.0
2026-06-01,2026-06-01 23:08:41 UTC,36,OTLK,Outlook Therapeutics Inc,0.843,15.479999999999999,44108469.0,125258941.0,,221.51000000000002,,31.4,2,"1M,ACT",0.0,20.7,0.0,10.7,0.0
2026-06-01,2026-06-01 23:08:41 UTC,37,IREN,Iren Limited,65.33,2.82,56354190.0,23347548772.0,76.87,,298.86,31.1,3,"BC,ACT,OPT",0.0,0.0,12.0,8.5,10.6
2026-06-01,2026-06-01 23:08:41 UTC,38,BAND,Bandwidth Inc,70.89,9.11,1735388.0,2269706893.0,71.76,,235.58,31.0,2,"52WH,BC",21.6,0.0,9.4,0.0,0.0
2026-06-01,2026-06-01 23:08:41 UTC,39,TE,T1 Energy,10.41,-1.4200000000000002,32431539.0,2905103886.0,11.43,102.14000000000001,317.02,30.5,4,"1M,BC,ACT,OPT",0.0,8.6,11.1,5.1,5.7
2026-06-01,2026-06-01 23:08:41 UTC,40,PSIG,PS International,8.85,6.63,3051763.0,136082662.0,9.25,,257.21,30.3,2,"52WH,BC",20.0,0.0,10.3,0.0,0.0
2026-06-01,2026-06-01 23:08:41 UTC,41,WDC,Western Digital,546.2,2.82,6236485.0,188265379952.0,564.14,,891.64,30.3,2,"52WH,BC",13.9,0.0,16.4,0.0,0.0
2026-06-01,2026-06-01 23:08:41 UTC,42,AVGO,Broadcom Inc,459.97,2.9499999999999997,30516228.0,2177805324594.0,466.05,,,28.7,3,"52WH,ACT,OPT",14.3,0.0,0.0,3.6,10.9
2026-06-01,2026-06-01 23:08:41 UTC,43,EVC,Entravision Communications Cp,9.28,2.1999999999999997,2240025.0,854123590.0,10.12,142.3,,28.7,2,"52WH,1M",12.3,16.4,0.0,0.0,0.0
2026-06-01,2026-06-01 23:08:41 UTC,44,OSS,One Stop Sys Inc,18.96,4.29,2059678.0,469620562.0,20.2,89.03,221.31,27.1,3,"52WH,1M,BC",16.6,3.3,7.2,0.0,0.0
2026-06-01,2026-06-01 23:08:41 UTC,45,GNTA,Genenta Science Spa,1.65,60.19,64541390.0,38925183.0,,126.03,,27.1,2,"1M,ACT",0.0,14.4,0.0,12.7,0.0
2026-06-01,2026-06-01 23:08:41 UTC,46,POET,Poet Technologies Inc,13.89,13.020000000000001,46457410.0,2397350189.0,,90.01,,26.8,3,"1M,ACT,OPT",0.0,4.3,0.0,10.3,12.2
2026-06-01,2026-06-01 23:08:41 UTC,47,UMC,United Microelec,22.89,3.2,11495896.0,57577436734.0,23.69,,285.41,26.5,2,"52WH,BC",14.7,0.0,11.8,0.0,0.0
2026-06-01,2026-06-01 23:08:41 UTC,48,TSM,Taiwan Semi,435.63,4.109999999999999,18024292.0,2259386282400.0,449.39,,,26.1,2,"52WH,OPT",16.6,0.0,0.0,0.0,9.4
2026-06-01,2026-06-01 23:08:41 UTC,49,INTC,Intel Corp,109.33,-4.67,134732571.0,549492580000.0,132.75,,416.9,25.9,3,"BC,ACT,OPT",0.0,0.0,12.3,4.7,9.0
2026-06-01,2026-06-01 23:08:41 UTC,50,HBM,Hudbay Minerals,30.59,4.9,8894628.0,12150870232.0,30.9,,219.94,25.4,2,"52WH,BC",18.2,0.0,7.2,0.0,0.0
2026-06-01,2026-06-01 23:08:41 UTC,51,OKTA,Okta Inc,139.79,13.4,9800099.0,24511678987.0,142.35,84.47,,25.2,2,"52WH,1M",23.7,1.5,0.0,0.0,0.0
2026-06-01,2026-06-01 23:08:41 UTC,52,ASTC,Astrotech Corp,35.4,,6130034.0,62266936.0,,1091.92,,25.0,1,1M,0.0,25.0,0.0,0.0,0.0
2026-06-01,2026-06-01 23:08:41 UTC,53,AMC,Amc Entmt Hldgs Inc,2.12,22.54,116695396.0,1598844048.0,,,,24.8,2,"ACT,OPT",0.0,0.0,0.0,11.5,13.4
2026-06-01,2026-06-01 23:08:41 UTC,54,SKM,Sk Telecom,44.43,18.990000000000002,7731807.0,17033044460.0,44.79,,,24.7,1,52WH,24.7,0.0,0.0,0.0,0.0
2026-06-01,2026-06-01 23:08:41 UTC,55,TWLO,Twilio Inc,227.54,19.36,7287980.0,34534624104.0,231.36,,,24.7,1,52WH,24.7,0.0,0.0,0.0,0.0
2026-06-01,2026-06-01 23:08:41 UTC,56,VCIG,VCI Global Ltd,7.53,,2639640.0,29397579.0,,700.47,,24.7,1,1M,0.0,24.7,0.0,0.0,0.0
2026-06-01,2026-06-01 23:08:41 UTC,57,COHU,Cohu Inc,54.5,3.32,1629962.0,2571056411.0,55.2,,238.42,24.6,2,"52WH,BC",15.1,0.0,9.5,0.0,0.0
2026-06-01,2026-06-01 23:08:41 UTC,58,NSYS,Nortech Sys Inc,17.66,18.29,89057.0,49351470.0,17.75,,,24.6,1,52WH,24.6,0.0,0.0,0.0,0.0
2026-06-01,2026-06-01 23:08:41 UTC,59,EWTX,"Edgewise Therapeutics, Inc.",40.26,17.86,4468552.0,4331694421.0,40.77,,,24.5,1,52WH,24.5,0.0,0.0,0.0,0.0
2026-06-01,2026-06-01 23:08:41 UTC,60,HIVE,HIVE Digital Technologies Ltd,4.76,5.3100000000000005,53644399.0,1205502225.0,,95.88,,24.4,3,"1M,ACT,OPT",0.0,7.3,0.0,9.1,8.0
2026-06-01,2026-06-01 23:08:41 UTC,61,MGM,Mgm Resorts,50.69,16.08,27680032.0,12969099102.0,51.59,,,24.3,1,52WH,24.3,0.0,0.0,0.0,0.0
2026-06-01,2026-06-01 23:08:41 UTC,62,RLYB,Rallybio Corp,16.87,16.669999999999998,452048.0,89379571.0,17.57,79.28,,24.2,2,"52WH,1M",24.2,0.0,0.0,0.0,0.0
2026-06-01,2026-06-01 23:08:41 UTC,63,QUCY,Quantum Cyber N.V.,2.23,,3615838.0,50770976.0,,443.10999999999996,,24.2,1,1M,0.0,24.2,0.0,0.0,0.0
2026-06-01,2026-06-01 23:08:41 UTC,64,KEEL,Keel Infrastructure Corp,6.1,7.39,48756151.0,3677357623.0,,97.41,,24.1,3,"1M,ACT,OPT",0.0,7.6,0.0,8.1,8.4
2026-06-01,2026-06-01 23:08:41 UTC,65,VPG,Vishay Precision Group Inc,126.24,0.74,548554.0,1679118240.0,131.68,109.63000000000001,369.7,24.1,2,"1M,BC",0.0,9.8,14.2,0.0,0.0
2026-06-01,2026-06-01 23:08:41 UTC,66,MEC,Mayville Engineering,30.88,15.010000000000002,956959.0,767121145.0,31.0,,,24.1,1,52WH,24.1,0.0,0.0,0.0,0.0
2026-06-01,2026-06-01 23:08:41 UTC,67,JDZG,Jiade Limited,57.65,,15193.0,105584822.0,,384.45,,24.0,1,1M,0.0,24.0,0.0,0.0,0.0
2026-06-01,2026-06-01 23:08:41 UTC,68,KTCC,Key Tronic,3.97,14.74,140594.0,43111297.0,4.13,,,23.7,1,52WH,23.7,0.0,0.0,0.0,0.0
2026-06-01,2026-06-01 23:08:41 UTC,69,HCC,Warrior Met Coal,106.25,12.389999999999999,1451169.0,5610208675.0,106.81,,,23.6,1,52WH,23.6,0.0,0.0,0.0,0.0
2026-06-01,2026-06-01 23:08:41 UTC,70,RNG,RingCentral,49.1,13.370000000000001,2387599.0,4117457456.0,49.85,,,23.6,1,52WH,23.6,0.0,0.0,0.0,0.0
2026-06-01,2026-06-01 23:08:41 UTC,71,HCWB,Hcw Biologics Inc.,2.07,,3463793.0,14823580.0,,357.96000000000004,,23.5,1,1M,0.0,23.5,0.0,0.0,0.0
2026-06-01,2026-06-01 23:08:41 UTC,72,NET,Cloudflare Inc,270.82,11.99,8454968.0,95725729012.0,271.2,,,23.5,1,52WH,23.5,0.0,0.0,0.0,0.0
2026-06-01,2026-06-01 23:08:41 UTC,73,CEVA,Ceva Inc,44.71,11.83,1553460.0,1245592387.0,45.42,,,23.3,1,52WH,23.3,0.0,0.0,0.0,0.0
2026-06-01,2026-06-01 23:08:41 UTC,74,EC,Ecopetrol,16.25,11.23,7002993.0,33407314443.0,16.45,,,23.1,1,52WH,23.1,0.0,0.0,0.0,0.0
2026-06-01,2026-06-01 23:08:41 UTC,75,CRWV,"CoreWeave, Inc.",124.82,13.96,58189651.0,68098090587.0,,,,23.0,2,"ACT,OPT",0.0,0.0,0.0,10.0,13.0
2026-06-01,2026-06-01 23:08:41 UTC,76,FROG,Jfrog Ltd,88.31,11.110000000000001,4126844.0,10696082826.0,88.57,,,23.0,1,52WH,23.0,0.0,0.0,0.0,0.0
2026-06-01,2026-06-01 23:08:41 UTC,77,PCLA,PicoCELA,8.53,,87005.0,82005756.0,,337.44,,23.0,1,1M,0.0,23.0,0.0,0.0,0.0
2026-06-01,2026-06-01 23:08:41 UTC,78,AVAL,Grupo Avl Acions,5.15,11.709999999999999,1078374.0,6113945008.0,5.37,,,22.9,1,52WH,22.9,0.0,0.0,0.0,0.0
2026-06-01,2026-06-01 23:08:41 UTC,79,STRZ,Starz Entertainment Corporation,25.92,10.86,186838.0,435180340.0,25.98,,,22.9,1,52WH,22.9,0.0,0.0,0.0,0.0
2026-06-01,2026-06-01 23:08:41 UTC,80,MASK,3 E Network Technology Group Limited,5.45,,27230911.0,6282781.0,,329.13,,22.7,1,1M,0.0,22.7,0.0,0.0,0.0
2026-06-01,2026-06-01 23:08:41 UTC,81,UTI,Universal Technical Institute,41.39,10.639999999999999,1770212.0,2278990559.0,41.92,,,22.7,1,52WH,22.7,0.0,0.0,0.0,0.0
2026-06-01,2026-06-01 23:08:41 UTC,82,CDNS,Cadence Design System Inc,414.16,10.459999999999999,4521166.0,114231954560.0,414.92,,,22.6,1,52WH,22.6,0.0,0.0,0.0,0.0
2026-06-01,2026-06-01 23:08:41 UTC,83,GPRK,Geopark Ltd,11.34,10.63,1534392.0,733506081.0,11.43,,,22.6,1,52WH,22.6,0.0,0.0,0.0,0.0
2026-06-01,2026-06-01 23:08:41 UTC,84,CODX,Co-Diagnostics Inc,6.2,,2597650.0,22675756.0,,300.0,,22.5,1,1M,0.0,22.5,0.0,0.0,0.0
2026-06-01,2026-06-01 23:08:41 UTC,85,ZETA,Zeta Global Holdings Corp,25.22,10.18,20475510.0,6286277201.0,25.74,,,22.3,1,52WH,22.3,0.0,0.0,0.0,0.0
2026-06-01,2026-06-01 23:08:41 UTC,86,YMAT,J-Star Holding,0.9896,,1829738.0,19841990.0,,273.43,,22.2,1,1M,0.0,22.2,0.0,0.0,0.0
2026-06-01,2026-06-01 23:08:41 UTC,87,AMD,Adv Micro Devices,510.13,-1.16,33281072.0,831818303973.0,527.2,,301.19,22.1,3,"BC,ACT,OPT",0.0,0.0,10.9,3.1,8.1
2026-06-01,2026-06-01 23:08:41 UTC,88,BCBP,Bcb Bancorp,11.44,9.58,311081.0,198634516.0,11.48,,,22.1,1,52WH,22.1,0.0,0.0,0.0,0.0
2026-06-01,2026-06-01 23:08:41 UTC,89,ZM,Zoom Communications Inc,111.62,9.87,8693164.0,32899051141.0,114.74,,,22.1,1,52WH,22.1,0.0,0.0,0.0,0.0
2026-06-01,2026-06-01 23:08:41 UTC,90,SAIC,Science Applications Intl Corp,115.08,10.440000000000001,1843439.0,4960222695.0,123.41,,,22.0,1,52WH,22.0,0.0,0.0,0.0,0.0
2026-06-01,2026-06-01 23:08:41 UTC,91,AEHR,Aehr Test Sys,93.62,1.4000000000000001,1526126.0,2944653639.0,112.0,,344.84,21.9,2,"52WH,BC",8.8,0.0,13.2,0.0,0.0
2026-06-01,2026-06-01 23:08:41 UTC,92,PBFS,Pioneer Bancorp Inc Md,16.36,9.58,43738.0,410256464.0,16.91,,,21.8,1,52WH,21.8,0.0,0.0,0.0,0.0
2026-06-01,2026-06-01 23:08:41 UTC,93,MNTS,Momentus Inc,16.71,,5577365.0,225410430.0,,265.65,,21.7,1,1M,0.0,21.7,0.0,0.0,0.0
2026-06-01,2026-06-01 23:08:41 UTC,94,LCUT,Lifetime Brands Inc,9.34,9.24,303369.0,213465774.0,9.8,,,21.5,1,52WH,21.5,0.0,0.0,0.0,0.0
2026-06-01,2026-06-01 23:08:41 UTC,95,PATH,Uipath Inc,13.1,11.77,67917969.0,6817808500.0,,,,21.3,2,"ACT,OPT",0.0,0.0,0.0,10.3,11.0
2026-06-01,2026-06-01 23:08:41 UTC,96,CMPS,Compass Pathways Plc,14.19,8.649999999999999,8946534.0,1914930850.0,14.76,,,21.3,1,52WH,21.3,0.0,0.0,0.0,0.0
2026-06-01,2026-06-01 23:08:41 UTC,97,REPL,Replimune Group,9.0,,10954549.0,743153571.0,,260.0,,21.2,1,1M,0.0,21.2,0.0,0.0,0.0
2026-06-01,2026-06-01 23:08:41 UTC,98,NOW,Servicenow Inc,135.86,9.24,68664518.0,140113504880.0,,,,21.0,2,"ACT,OPT",0.0,0.0,0.0,8.8,12.2
2026-06-01,2026-06-01 23:08:41 UTC,99,HUM,Humana,328.31,7.489999999999999,1954722.0,39417391065.0,333.31,,,21.0,1,52WH,21.0,0.0,0.0,0.0,0.0
2026-06-01,2026-06-01 23:08:41 UTC,100,RXT,"Rackspace Technology, Inc.",5.92,,24245936.0,1475397194.0,,234.45999999999998,,21.0,1,1M,0.0,21.0,0.0,0.0,0.0
2026-06-02,2026-06-02 23:07:35 UTC,1,TE,T1 Energy,12.04,15.659999999999998,38867762.0,3359985667.0,12.25,136.08,407.98,75.7,5,"52WH,1M,BC,ACT,OPT",24.0,15.2,15.6,10.4,10.5
2026-06-02,2026-06-02 23:07:35 UTC,2,MRVL,Marvell Technology Inc,290.79,32.519999999999996,110960660.0,254383092000.0,291.3,,361.28,64.3,4,"52WH,BC,ACT,OPT",24.8,0.0,15.1,12.1,12.4
2026-06-02,2026-06-02 23:07:35 UTC,3,HPE,Hewlett Packard Enterprise Co,56.15,19.470000000000002,152983957.0,74502857097.0,64.25,95.58,245.81,63.1,5,"52WH,1M,BC,ACT,OPT",23.3,6.1,9.1,11.8,12.8
2026-06-02,2026-06-02 23:07:35 UTC,4,RKTO,ROCKET ONE INC,2.22,65.67,38953597.0,46669945.0,2.45,213.07,,57.0,3,"52WH,1M,ACT",24.2,20.7,0.0,12.1,0.0
2026-06-02,2026-06-02 23:07:35 UTC,5,CIFR,Cipher Digital Inc,26.29,9.5,29895514.0,10753903389.0,26.6,,282.42,50.3,4,"52WH,BC,ACT,OPT",22.0,0.0,11.1,8.5,8.7
2026-06-02,2026-06-02 23:07:35 UTC,6,PENG,Penguin Solutions Inc,70.65,18.32,4856339.0,3585311440.0,73.24,118.06,279.53,47.7,3,"52WH,1M,BC",24.0,11.6,12.1,0.0,0.0
2026-06-02,2026-06-02 23:07:35 UTC,7,VSH,Vishay Intertech,62.49,11.61,11413627.0,8505253129.0,64.5,104.42,442.74,47.3,3,"52WH,1M,BC",22.7,8.8,15.7,0.0,0.0
2026-06-02,2026-06-02 23:07:35 UTC,8,ASTC,Astrotech Corp,45.5,28.53,12661136.0,80032361.0,68.85,1474.39,,46.8,2,"52WH,1M",21.8,25.0,0.0,0.0,0.0
2026-06-02,2026-06-02 23:07:35 UTC,9,MU,Micron Technology Inc,1064.1,2.76,47309843.0,1200021803669.0,1076.56,84.6,791.33,45.1,5,"52WH,1M,BC,ACT,OPT",11.1,1.5,14.1,7.6,10.7
2026-06-02,2026-06-02 23:07:35 UTC,10,VPG,Vishay Precision Group Inc,132.93,5.3,507877.0,1768101930.0,136.21,121.44,404.08,43.9,3,"52WH,1M,BC",18.4,12.4,13.1,0.0,0.0
2026-06-02,2026-06-02 23:07:35 UTC,11,NOK,Nokia,16.85,3.6900000000000004,135267303.0,94237198531.0,17.11,,268.31,43.6,4,"52WH,BC,ACT,OPT",14.5,0.0,8.2,8.3,12.7
2026-06-02,2026-06-02 23:07:35 UTC,12,HYLN,Hyliion Holdings Corporation,6.79,8.64,5569224.0,1210841959.0,7.39,221.8,,42.4,2,"52WH,1M",21.2,21.2,0.0,0.0,0.0
2026-06-02,2026-06-02 23:07:35 UTC,13,AEHR,Aehr Test Sys,113.0,20.7,2589269.0,3554217702.0,114.02,,457.29,41.3,2,"52WH,BC",24.4,0.0,16.9,0.0,0.0
2026-06-02,2026-06-02 23:07:35 UTC,14,COHR,Coherent Corp,426.89,17.630000000000003,9106749.0,83516469741.0,433.69,,472.88,41.1,2,"52WH,BC",24.1,0.0,17.0,0.0,0.0
2026-06-02,2026-06-02 23:07:35 UTC,15,BB,Blackberry,10.32,6.17,55840372.0,6048153720.0,10.33,84.95,,40.9,4,"52WH,1M,ACT,OPT",19.7,1.8,0.0,10.1,9.3
2026-06-02,2026-06-02 23:07:35 UTC,16,UMAC,Unusual Machines,33.42,15.72,14801798.0,1597272906.0,34.36,142.0,,40.1,2,"52WH,1M",23.9,16.2,0.0,0.0,0.0
2026-06-02,2026-06-02 23:07:35 UTC,17,QTTB,Q32 BIO INC,12.64,8.4,777331.0,214329085.0,13.19,150.79,,39.1,2,"52WH,1M",21.5,17.7,0.0,0.0,0.0
2026-06-02,2026-06-02 23:07:35 UTC,18,OCC,Optical Cable,15.65,14.74,625101.0,138214508.0,16.22,,381.61,38.5,2,"52WH,BC",23.5,0.0,15.1,0.0,0.0
2026-06-02,2026-06-02 23:07:35 UTC,19,CIEN,Ciena Corp,627.0,10.08,2716866.0,88656813729.0,629.61,,754.77,38.4,2,"52WH,BC",22.2,0.0,16.2,0.0,0.0
2026-06-02,2026-06-02 23:07:35 UTC,20,OPTX,Syntec Optics Holdings,13.23,22.05,2176924.0,532902785.0,13.39,,322.24,38.1,2,"52WH,BC",24.6,0.0,13.5,0.0,0.0
2026-06-02,2026-06-02 23:07:35 UTC,21,CHRN,ChronoScale Corp,19.14,12.790000000000001,379003.0,2738807312.0,20.7,,360.32,37.1,2,"52WH,BC",22.7,0.0,14.3,0.0,0.0
2026-06-02,2026-06-02 23:07:35 UTC,22,TOYO,TOYO CO LTD,16.73,15.620000000000001,1012805.0,631708019.0,16.89,,297.12,36.7,2,"52WH,BC",23.9,0.0,12.8,0.0,0.0
2026-06-02,2026-06-02 23:07:35 UTC,23,TSEM,Tower Semiconductor Ltd,274.71,8.780000000000001,2308902.0,30994140366.0,302.86,,467.1,36.7,2,"52WH,BC",21.2,0.0,15.5,0.0,0.0
2026-06-02,2026-06-02 23:07:35 UTC,24,ACMR,Acm Research,91.92,12.030000000000001,1595053.0,6352544045.0,94.21,,335.85,36.5,2,"52WH,BC",23.0,0.0,13.5,0.0,0.0
2026-06-02,2026-06-02 23:07:35 UTC,25,ENPH,Enphase Energy,72.33,13.48,8339835.0,9532965252.0,73.74,122.28000000000002,,36.0,2,"52WH,1M",23.4,12.6,0.0,0.0,0.0
2026-06-02,2026-06-02 23:07:35 UTC,26,LASE,Laser Photonics Corp,2.42,160.92,283791075.0,78903381.0,,236.85999999999999,,36.0,2,"1M,ACT",0.0,21.7,0.0,14.3,0.0
2026-06-02,2026-06-02 23:07:35 UTC,27,SMTC,Semtech,166.63,11.4,3377583.0,15521779123.0,172.36,,341.59,36.0,2,"52WH,BC",22.6,0.0,13.4,0.0,0.0
2026-06-02,2026-06-02 23:07:35 UTC,28,SIMO,Silicon Motion Technology Corp,301.27,12.389999999999999,1879956.0,10238260260.0,303.38,,300.77,35.6,2,"52WH,BC",23.2,0.0,12.3,0.0,0.0
2026-06-02,2026-06-02 23:07:35 UTC,29,CSCO,Cisco Sys Inc,128.0,5.5,26430302.0,504503637120.0,128.22,,,35.1,3,"52WH,ACT,OPT",19.0,0.0,0.0,5.2,10.9
2026-06-02,2026-06-02 23:07:35 UTC,30,AVGO,Broadcom Inc,481.57,4.7,38062300.0,2280074157368.0,488.82,,,34.9,3,"52WH,ACT,OPT",17.3,0.0,0.0,6.1,11.6
2026-06-02,2026-06-02 23:07:35 UTC,31,QUCY,Quantum Cyber N.V.,2.45,9.87,29403005.0,55779772.0,,512.5,,34.9,2,"1M,ACT",0.0,24.5,0.0,10.5,0.0
2026-06-02,2026-06-02 23:07:35 UTC,32,STM,Stmicro,79.51,15.2,20778666.0,70668021276.0,80.59,,274.8,34.7,2,"52WH,BC",23.7,0.0,10.9,0.0,0.0
2026-06-02,2026-06-02 23:07:35 UTC,33,RLAY,"Relay Therapeutics, Inc.",15.7,10.100000000000001,11482390.0,3384348834.0,17.47,,328.87,34.1,2,"52WH,BC",21.4,0.0,12.7,0.0,0.0
2026-06-02,2026-06-02 23:07:35 UTC,34,ASTS,Ast Spacemobile Inc,118.17,11.85,21338478.0,45864680673.0,133.86,,,34.0,2,"52WH,OPT",22.1,0.0,0.0,0.0,11.9
2026-06-02,2026-06-02 23:07:35 UTC,35,DXST,Decent Holding Inc.,4.95,209.38,76334146.0,8984759.0,,171.98,,33.8,2,"1M,ACT",0.0,19.7,0.0,14.1,0.0
2026-06-02,2026-06-02 23:07:35 UTC,36,MX,Magnachip Semiconductor Corp N,8.34,6.510000000000001,7815742.0,303916722.0,9.78,134.27,,33.7,2,"52WH,1M",19.0,14.6,0.0,0.0,0.0
2026-06-02,2026-06-02 23:07:35 UTC,37,OSS,One Stop Sys Inc,19.95,5.220000000000001,1315544.0,494141889.0,20.88,104.41,244.19,33.2,3,"52WH,1M,BC",18.1,8.6,6.6,0.0,0.0
2026-06-02,2026-06-02 23:07:35 UTC,38,DEVS,Devvstream Corp,0.6017,57.099999999999994,145932778.0,7970623.0,,170.91,,33.2,2,"1M,ACT",0.0,19.2,0.0,14.0,0.0
2026-06-02,2026-06-02 23:07:35 UTC,39,ASYS,Amtech Systems,21.95,6.3,827911.0,318254981.0,24.5,,410.88,32.9,2,"52WH,BC",19.0,0.0,13.9,0.0,0.0
2026-06-02,2026-06-02 23:07:35 UTC,40,UCTT,Ultra Clean Hldgs Inc,90.21,6.510000000000001,2273957.0,4043965633.0,92.29,,333.28,32.2,2,"52WH,BC",20.1,0.0,12.1,0.0,0.0
2026-06-02,2026-06-02 23:07:35 UTC,41,HIMX,Himax Technologi,23.98,9.45,6777637.0,4182733417.0,25.09,107.44,,31.3,2,"52WH,1M",21.7,9.6,0.0,0.0,0.0
2026-06-02,2026-06-02 23:07:35 UTC,42,ALAB,ASTERA LABS INC,355.76,11.14,5565522.0,60980088378.0,356.39,,244.58,30.6,2,"52WH,BC",22.7,0.0,7.9,0.0,0.0
2026-06-02,2026-06-02 23:07:35 UTC,43,QUIK,Quicklogic,21.8,5.57,458577.0,397300770.0,23.8,,341.95,30.5,2,"52WH,BC",18.4,0.0,12.1,0.0,0.0
2026-06-02,2026-06-02 23:07:35 UTC,44,AAPL,Apple Inc,315.2,2.9000000000000004,44468116.0,4629454611200.0,315.45,,,30.4,3,"52WH,ACT,OPT",12.1,0.0,0.0,5.6,12.7
2026-06-02,2026-06-02 23:07:35 UTC,45,IREN,Iren Limited,66.6,1.94,51436446.0,23801419688.0,76.87,,309.49,30.2,3,"BC,ACT,OPT",0.0,0.0,9.3,9.7,11.2
2026-06-02,2026-06-02 23:07:35 UTC,46,RMBS,Rambus Inc Del,166.78,13.089999999999998,3306267.0,18035083356.0,167.71,,230.26,30.0,2,"52WH,BC",23.4,0.0,6.6,0.0,0.0
2026-06-02,2026-06-02 23:07:35 UTC,47,SIDU,Sidus Space Inc,4.91,10.59,28734902.0,477987969.0,6.79,,,30.0,2,"52WH,ACT",20.0,0.0,0.0,10.1,0.0
2026-06-02,2026-06-02 23:07:35 UTC,48,CLS,Celestica,472.4,10.75,4077980.0,54313295274.0,474.03,,239.02,29.7,2,"52WH,BC",22.5,0.0,7.2,0.0,0.0
2026-06-02,2026-06-02 23:07:35 UTC,49,FCX,Freeport-Mcmoran Inc,71.72,6.98,18960593.0,103101793517.0,72.09,,,29.5,2,"52WH,OPT",20.8,0.0,0.0,0.0,8.7
2026-06-02,2026-06-02 23:07:35 UTC,50,LRCX,Lam Research,334.41,5.45,8628881.0,418203448110.0,335.55,,289.72,29.2,2,"52WH,BC",18.9,0.0,10.3,0.0,0.0
2026-06-02,2026-06-02 23:07:35 UTC,51,INTC,Intel Corp,107.93,-1.28,105807618.0,542456180000.0,132.75,,407.56,28.7,3,"BC,ACT,OPT",0.0,0.0,11.1,6.6,11.0
2026-06-02,2026-06-02 23:07:35 UTC,52,RFIL,Rf Industries,18.78,6.77,225274.0,203091934.0,19.77,,252.86,28.4,2,"52WH,BC",20.1,0.0,8.4,0.0,0.0
2026-06-02,2026-06-02 23:07:35 UTC,53,AMD,Advanced Micro Devices Inc,521.54,2.2399999999999998,24224251.0,850423457264.0,527.2,,313.68,28.0,3,"52WH,BC,OPT",8.7,0.0,9.4,0.0,9.9
2026-06-02,2026-06-02 23:07:35 UTC,54,BJDX,Bluejay Diagnostics Inc,4.34,100.0,74354803.0,4490663.0,,130.24,,28.0,2,"1M,ACT",0.0,13.9,0.0,14.2,0.0
2026-06-02,2026-06-02 23:07:35 UTC,55,WULF,Terawulf Inc,26.49,3.2300000000000004,25857695.0,13126659766.0,27.47,,243.74,27.7,3,"52WH,BC,OPT",12.8,0.0,5.4,0.0,9.5
2026-06-02,2026-06-02 23:07:35 UTC,56,COHU,Cohu Inc,57.59,5.67,4657801.0,2716828233.0,58.47,,264.68,27.7,2,"52WH,BC",19.1,0.0,8.6,0.0,0.0
2026-06-02,2026-06-02 23:07:35 UTC,57,TTMI,Ttm Technologies Inc,179.62,4.16,2359910.0,18653547597.0,200.68,,364.21,27.7,2,"52WH,BC",15.3,0.0,12.3,0.0,0.0
2026-06-02,2026-06-02 23:07:35 UTC,58,ELVA,Electrovaya,12.26,8.21,692305.0,606961704.0,12.78,,232.89,27.3,2,"52WH,BC",21.3,0.0,6.0,0.0,0.0
2026-06-02,2026-06-02 23:07:35 UTC,59,QCOM,Qualcomm Inc,240.84,5.17,18471386.0,253845360000.0,259.92,,,27.3,2,"52WH,OPT",17.7,0.0,0.0,0.0,9.6
2026-06-02,2026-06-02 23:07:35 UTC,60,CENX,Century Alum Co,68.77,7.6,2772667.0,6806445212.0,70.43,,236.0,27.1,2,"52WH,BC",20.9,0.0,6.2,0.0,0.0
2026-06-02,2026-06-02 23:07:35 UTC,61,FCEL,Fuelcell Energy,24.64,15.629999999999999,11554203.0,1305374618.0,27.69,89.25,,27.1,2,"52WH,1M",23.1,4.0,0.0,0.0,0.0
2026-06-02,2026-06-02 23:07:35 UTC,62,WDC,Western Digital,563.1,3.09,5020262.0,194090507966.0,571.18,,933.7,27.0,2,"52WH,BC",12.5,0.0,14.6,0.0,0.0
2026-06-02,2026-06-02 23:07:35 UTC,63,LOBO,LOBO,0.8813,4.92,82626036.0,12198899.0,1.48,,,26.6,2,"52WH,ACT",14.4,0.0,0.0,12.3,0.0
2026-06-02,2026-06-02 23:07:35 UTC,64,MKSI,MKS Inc.,331.36,4.33,1125482.0,22381422585.0,339.0,,282.02,26.0,2,"52WH,BC",16.6,0.0,9.4,0.0,0.0
2026-06-02,2026-06-02 23:07:35 UTC,65,PL,Planet Labs Pbc,48.09,3.51,11361347.0,17138948795.0,51.76,,361.76,25.1,2,"52WH,BC",13.3,0.0,11.8,0.0,0.0
2026-06-02,2026-06-02 23:07:35 UTC,66,VSXY,Victorias Secret And Co,80.06,47.44,9954275.0,6358818980.0,81.28,,,24.8,1,52WH,24.8,0.0,0.0,0.0,0.0
2026-06-02,2026-06-02 23:07:35 UTC,67,KLIC,Kulicke & Soffa Inds Inc,108.36,4.859999999999999,906065.0,5670790551.0,110.78,,247.1,24.7,2,"52WH,BC",17.5,0.0,7.2,0.0,0.0
2026-06-02,2026-06-02 23:07:35 UTC,68,VCIG,VCI Global Ltd,8.99,,1881504.0,35097508.0,,896.67,,24.7,1,1M,0.0,24.7,0.0,0.0,0.0
2026-06-02,2026-06-02 23:07:35 UTC,69,AOSL,Alpha And Omega,53.32,21.51,1562877.0,1595845098.0,53.38,,,24.6,1,52WH,24.6,0.0,0.0,0.0,0.0
2026-06-02,2026-06-02 23:07:35 UTC,70,JDZG,Jiade Limited,63.89,,29818.0,117013193.0,,423.69000000000005,,24.2,1,1M,0.0,24.2,0.0,0.0,0.0
2026-06-02,2026-06-02 23:07:35 UTC,71,QTEX,QTREX Quantum Ltd.,2.32,,24180856.0,103177963.0,,385.86,,24.0,1,1M,0.0,24.0,0.0,0.0,0.0
2026-06-02,2026-06-02 23:07:35 UTC,72,SANM,Sanmina Corporat,278.36,5.09,554273.0,14919465514.0,279.23,,236.5,23.9,2,"52WH,BC",18.3,0.0,5.6,0.0,0.0
2026-06-02,2026-06-02 23:07:35 UTC,73,RDW,Redwire Corporation,20.58,-0.48,36278407.0,4093747422.0,,138.19,,23.7,2,"1M,ACT",0.0,15.7,0.0,8.1,0.0
2026-06-02,2026-06-02 23:07:35 UTC,74,PIII,P3 HEALTH PARTNERS INC,12.79,,87983.0,92663319.0,,348.77,,23.7,1,1M,0.0,23.7,0.0,0.0,0.0
2026-06-02,2026-06-02 23:07:35 UTC,75,FTK,Flotek Inds Inc Del,23.33,14.64,972361.0,844020678.0,23.59,,,23.6,1,52WH,23.6,0.0,0.0,0.0,0.0
2026-06-02,2026-06-02 23:07:35 UTC,76,AIIO,Robo.ai Inc,2.76,,5009829.0,54602540.0,,344.09000000000003,,23.5,1,1M,0.0,23.5,0.0,0.0,0.0
2026-06-02,2026-06-02 23:07:35 UTC,77,HCWB,Hcw Biologics Inc.,1.79,,1725918.0,12818458.0,,336.37,,23.2,1,1M,0.0,23.2,0.0,0.0,0.0
2026-06-02,2026-06-02 23:07:35 UTC,78,POET,Poet Technologies Inc,13.82,-0.5,38498637.0,2385268510.0,,94.37,,23.0,3,"1M,ACT,OPT",0.0,5.3,0.0,8.5,9.2
2026-06-02,2026-06-02 23:07:35 UTC,79,NTCL,Netclass Technology Inc.,1.6,,1948198.0,95908646.0,,319.84,,23.0,1,1M,0.0,23.0,0.0,0.0,0.0
2026-06-02,2026-06-02 23:07:35 UTC,80,UUU,UNIVERSAL SAFETY PRODS INC,7.3,13.71,70180.0,22107042.0,7.82,,,23.0,1,52WH,23.0,0.0,0.0,0.0,0.0
2026-06-02,2026-06-02 23:07:35 UTC,81,SMR,NuScale Power Corporation,13.95,8.219999999999999,64206186.0,5098462126.0,,,,22.9,2,"ACT,OPT",0.0,0.0,0.0,11.2,11.7
2026-06-02,2026-06-02 23:07:35 UTC,82,CODX,Co-Diagnostics Inc,6.22,,4696706.0,22748903.0,,296.18,,22.7,1,1M,0.0,22.7,0.0,0.0,0.0
2026-06-02,2026-06-02 23:07:35 UTC,83,CRNT,Ceragon Networks Ltd,3.17,11.62,2858581.0,288133013.0,3.29,,,22.7,1,52WH,22.7,0.0,0.0,0.0,0.0
2026-06-02,2026-06-02 23:07:35 UTC,84,NVEC,Nve Corp,112.42,11.360000000000001,189104.0,543770015.0,113.25,,,22.7,1,52WH,22.7,0.0,0.0,0.0,0.0
2026-06-02,2026-06-02 23:07:35 UTC,85,CEVA,Ceva Inc,49.61,10.96,1803325.0,1382103296.0,49.64,,,22.6,1,52WH,22.6,0.0,0.0,0.0,0.0
2026-06-02,2026-06-02 23:07:35 UTC,86,YMAT,J-Star Holding,0.91,,11801627.0,18245969.0,,276.03,,22.5,1,1M,0.0,22.5,0.0,0.0,0.0
2026-06-02,2026-06-02 23:07:35 UTC,87,SMCI,Super Micro Computer Inc,50.17,7.02,54741426.0,30173165241.0,,79.69000000000001,,22.3,3,"1M,ACT,OPT",0.0,0.0,0.0,10.1,12.2
2026-06-02,2026-06-02 23:07:35 UTC,88,ASX,ASE Technology,39.26,2.86,10498969.0,87566153399.0,41.1,,343.94,22.3,2,"52WH,BC",11.5,0.0,10.8,0.0,0.0
2026-06-02,2026-06-02 23:07:35 UTC,89,PCLA,PicoCELA,6.8,,74727.0,65373874.0,,257.89,,22.2,1,1M,0.0,22.2,0.0,0.0,0.0
2026-06-02,2026-06-02 23:07:35 UTC,90,API,"Agora, Inc.",5.26,10.74,1436700.0,444731869.0,5.5,,,22.1,1,52WH,22.1,0.0,0.0,0.0,0.0
2026-06-02,2026-06-02 23:07:35 UTC,91,RGTI,Rigetti Computing Inc,26.88,4.88,73973991.0,8934879932.0,,,,22.0,2,"ACT,OPT",0.0,0.0,0.0,11.2,10.8
2026-06-02,2026-06-02 23:07:35 UTC,92,MASK,3 E Network Technology Group Limited,5.18,,1503483.0,5971524.0,,257.24,,22.0,1,1M,0.0,22.0,0.0,0.0,0.0
2026-06-02,2026-06-02 23:07:35 UTC,93,HBM,Hudbay Minerals,31.87,4.18,6886802.0,12659308084.0,32.15,,238.16,21.7,2,"52WH,BC",16.3,0.0,5.3,0.0,0.0
2026-06-02,2026-06-02 23:07:35 UTC,94,LSCC,Lattice Semiconductor Corp,151.35,4.569999999999999,2140648.0,20736139156.0,153.0,,225.45,21.7,2,"52WH,BC",17.1,0.0,4.6,0.0,0.0
2026-06-02,2026-06-02 23:07:35 UTC,95,SYNA,Synaptics Inc,146.04,8.23,590210.0,5642647517.0,149.11,,,21.6,1,52WH,21.6,0.0,0.0,0.0,0.0
2026-06-02,2026-06-02 23:07:35 UTC,96,AGL,Agilon Health Inc,86.75,,299433.0,1447318435.0,,222.01,,21.5,1,1M,0.0,21.5,0.0,0.0,0.0
2026-06-02,2026-06-02 23:07:35 UTC,97,PDFS,Pdf Solutions,55.48,8.19,1114050.0,2322260924.0,56.95,,,21.3,1,52WH,21.3,0.0,0.0,0.0,0.0
2026-06-02,2026-06-02 23:07:35 UTC,98,ST,Sensata Tech,53.13,7.79,4052840.0,7726804603.0,53.84,,,21.3,1,52WH,21.3,0.0,0.0,0.0,0.0
2026-06-02,2026-06-02 23:07:35 UTC,99,WLYB,"Wiley (JOHN) & Sons, Inc.",44.23,7.75,729.0,2270016113.0,44.23,,,21.3,1,52WH,21.3,0.0,0.0,0.0,0.0
2026-06-02,2026-06-02 23:07:35 UTC,100,AA,Alcoa Corp,83.79,7.75,6750940.0,22111332626.0,84.38,,,21.2,1,52WH,21.2,0.0,0.0,0.0,0.0
2026-06-03,2026-06-03 23:13:10 UTC,1,MRVL,Marvell Technology Inc,301.65,3.73,115010336.0,263883420000.0,324.2,78.75999999999999,361.28,63.3,5,"52WH,1M,BC,ACT,OPT",22.0,4.0,14.3,11.2,11.8
2026-06-03,2026-06-03 23:13:10 UTC,2,XOS,Xos Inc,7.46,234.53,106782167.0,90435610.0,8.27,314.44,,61.0,3,"52WH,1M,ACT",24.1,22.7,0.0,14.1,0.0
2026-06-03,2026-06-03 23:13:10 UTC,3,NVTS,Navitas Semiconductor Corp,30.84,19.259999999999998,112167924.0,7207714039.0,34.17,75.73,254.0,59.9,5,"52WH,1M,BC,ACT,OPT",24.0,2.8,9.9,12.5,10.8
2026-06-03,2026-06-03 23:13:10 UTC,4,AMD,Advanced Micro Devices Inc,542.52,4.02,29310712.0,884633458670.0,546.44,,336.64,55.1,4,"52WH,BC,ACT,OPT",23.0,0.0,13.6,6.5,12.0
2026-06-03,2026-06-03 23:13:10 UTC,5,MU,Micron Technology Inc,1079.57,1.4500000000000002,40178647.0,1217467849438.0,1089.29,,808.7,53.1,4,"52WH,BC,ACT,OPT",18.3,0.0,16.1,7.8,10.9
2026-06-03,2026-06-03 23:13:10 UTC,6,SNDK,SanDisk Corp,1831.5,6.710000000000001,11840586.0,271226391777.0,1861.0,,2635.88,49.2,3,"52WH,BC,OPT",24.0,0.0,17.8,0.0,7.3
2026-06-03,2026-06-03 23:13:10 UTC,7,VSH,Vishay Intertech,63.97,2.37,12074326.0,8706689753.0,66.07,99.35000000000001,442.74,46.0,3,"52WH,1M,BC",20.7,9.8,15.4,0.0,0.0
2026-06-03,2026-06-03 23:13:10 UTC,8,WDC,Western Digital,594.11,5.510000000000001,7829164.0,204779100848.0,602.54,,1010.87,41.0,2,"52WH,BC",23.7,0.0,17.4,0.0,0.0
2026-06-03,2026-06-03 23:13:10 UTC,9,INTC,Intel Corp,112.71,4.43,118707133.0,566480460000.0,132.75,,439.46,38.7,3,"BC,ACT,OPT",0.0,0.0,16.0,9.5,13.2
2026-06-03,2026-06-03 23:13:10 UTC,10,MX,Magnachip Semiconductor Corp N,8.93,7.07,8490126.0,325416826.0,9.86,118.87,,37.2,2,"52WH,1M",23.5,13.6,0.0,0.0,0.0
2026-06-03,2026-06-03 23:13:10 UTC,11,LASE,Laser Photonics Corp,3.13,29.34,228454581.0,102052720.0,,351.92,,36.9,2,"1M,ACT",0.0,23.2,0.0,13.7,0.0
2026-06-03,2026-06-03 23:13:10 UTC,12,ARM,ARM HOLDINGS PLC,411.83,2.26,11896216.0,439866875730.0,427.99,97.2,,36.7,3,"52WH,1M,OPT",20.4,9.1,0.0,0.0,7.2
2026-06-03,2026-06-03 23:13:10 UTC,13,STRL,Sterling Infra,957.03,9.31,1046462.0,29367378556.0,971.75,,273.45,35.9,2,"52WH,BC",24.4,0.0,11.6,0.0,0.0
2026-06-03,2026-06-03 23:13:10 UTC,14,YMAT,J-Star Holding,1.24,36.26,33294288.0,24862639.0,,355.55,,34.8,2,"1M,ACT",0.0,23.5,0.0,11.3,0.0
2026-06-03,2026-06-03 23:13:10 UTC,15,PENG,Penguin Solutions Inc,71.41,1.08,3370935.0,3623879546.0,73.24,95.91,279.53,34.7,3,"52WH,1M,BC",16.5,8.6,9.6,0.0,0.0
2026-06-03,2026-06-03 23:13:10 UTC,16,QCOM,Qualcomm Inc,250.01,3.81,19433355.0,263510540000.0,259.92,,,34.5,2,"52WH,OPT",22.4,0.0,0.0,0.0,12.1
2026-06-03,2026-06-03 23:13:10 UTC,17,UCTT,Ultra Clean Hldgs Inc,92.55,2.59,1108260.0,4148863977.0,93.8,,348.54,34.5,2,"52WH,BC",21.0,0.0,13.6,0.0,0.0
2026-06-03,2026-06-03 23:13:10 UTC,18,CIFR,Cipher Digital Inc,26.24,-0.19,37782353.0,10733450929.0,28.62,,281.45,34.2,4,"52WH,BC,ACT,OPT",8.7,0.0,9.2,8.7,7.6
2026-06-03,2026-06-03 23:13:10 UTC,19,STX,Seagate Technology Hldngs Plc,940.69,1.52,2897138.0,210929970484.0,966.8,,699.69,34.0,2,"52WH,BC",18.3,0.0,15.7,0.0,0.0
2026-06-03,2026-06-03 23:13:10 UTC,20,DEVS,Devvstream Corp,0.6651,10.54,58976105.0,8810473.0,,232.54999999999998,,33.5,2,"1M,ACT",0.0,21.0,0.0,12.5,0.0
2026-06-03,2026-06-03 23:13:10 UTC,21,ANY,Sphere 3D Corp,5.65,44.5,26819919.0,23977594.0,,276.67,,33.3,2,"1M,ACT",0.0,22.2,0.0,11.1,0.0
2026-06-03,2026-06-03 23:13:10 UTC,22,LRCX,Lam Research,343.71,2.78,8613896.0,429833758410.0,346.19,,304.46,33.3,2,"52WH,BC",21.5,0.0,11.8,0.0,0.0
2026-06-03,2026-06-03 23:13:10 UTC,23,AEHR,Aehr Test Sys,114.59,1.41,2761279.0,3604228375.0,121.8,,457.29,33.0,2,"52WH,BC",17.7,0.0,15.3,0.0,0.0
2026-06-03,2026-06-03 23:13:10 UTC,24,STAK,STAK inc.,3.61,90.0,27133448.0,69349359.0,,272.16,,32.7,2,"1M,ACT",0.0,22.0,0.0,10.8,0.0
2026-06-03,2026-06-03 23:13:10 UTC,25,ASX,ASE Technology,39.91,1.66,8919512.0,89015924151.0,41.1,,354.04,32.3,2,"52WH,BC",18.9,0.0,13.3,0.0,0.0
2026-06-03,2026-06-03 23:13:10 UTC,26,QMCO,Quantum,15.95,27.189999999999998,4846203.0,233476562.0,16.63,92.86999999999999,,31.9,2,"52WH,1M",24.6,7.3,0.0,0.0,0.0
2026-06-03,2026-06-03 23:13:10 UTC,27,BRUN,BOOST RUN INC,38.1,3.6999999999999997,4097380.0,2340432479.0,42.0,100.32000000000001,,31.8,2,"52WH,1M",21.7,10.1,0.0,0.0,0.0
2026-06-03,2026-06-03 23:13:10 UTC,28,TE,T1 Energy,11.5,-4.49,41135459.0,3209288635.0,12.37,115.36,377.85,31.2,3,"1M,BC,ACT",0.0,13.1,10.9,7.2,0.0
2026-06-03,2026-06-03 23:13:10 UTC,29,TXG,"10X Genomics, Inc.",32.16,4.72,3379829.0,4082911038.0,32.31,,237.12,31.2,2,"52WH,BC",23.4,0.0,7.8,0.0,0.0
2026-06-03,2026-06-03 23:13:10 UTC,30,SIMO,Silicon Motion Technology Corp,306.57,1.76,1262314.0,10418373711.0,314.34,,310.24,31.1,2,"52WH,BC",19.2,0.0,11.8,0.0,0.0
2026-06-03,2026-06-03 23:13:10 UTC,31,APPS,Digital Turbine Inc,8.67,1.4000000000000001,5781441.0,1046139357.0,9.8,122.88,,31.0,2,"52WH,1M",17.1,13.9,0.0,0.0,0.0
2026-06-03,2026-06-03 23:13:10 UTC,32,ON,On Semiconductr,133.93,4.109999999999999,10103036.0,52487594370.0,134.92,,226.24,29.5,2,"52WH,BC",23.1,0.0,6.4,0.0,0.0
2026-06-03,2026-06-03 23:13:10 UTC,33,IREN,Iren Limited,65.48,-1.68,59114780.0,23401155573.0,76.87,,300.12,29.4,3,"BC,ACT,OPT",0.0,0.0,9.3,9.8,10.3
2026-06-03,2026-06-03 23:13:10 UTC,34,ALAB,ASTERA LABS INC,363.54,2.19,5289980.0,62313642144.0,372.37,,254.88,29.3,2,"52WH,BC",20.4,0.0,8.9,0.0,0.0
2026-06-03,2026-06-03 23:13:10 UTC,35,NOK,Nokia Corp ADR,16.73,-0.7100000000000001,147792063.0,93566073081.0,17.45,,264.83,29.2,3,"BC,ACT,OPT",0.0,0.0,8.2,8.6,12.4
2026-06-03,2026-06-03 23:13:10 UTC,36,RMBS,Rambus Inc Del,170.66,2.33,2426277.0,18454654788.0,174.1,,240.4,28.4,2,"52WH,BC",20.7,0.0,7.7,0.0,0.0
2026-06-03,2026-06-03 23:13:10 UTC,37,HPE,Hewlett Packard Enterprise Co,55.15,-1.78,56865484.0,73029824183.0,64.25,83.59,245.81,28.0,4,"1M,BC,ACT,OPT",0.0,6.3,5.7,7.9,8.0
2026-06-03,2026-06-03 23:13:10 UTC,38,LSCC,Lattice Semiconductor Corp,154.6,2.15,1378965.0,21181414692.0,155.82,,235.03,27.4,2,"52WH,BC",20.4,0.0,7.0,0.0,0.0
2026-06-03,2026-06-03 23:13:10 UTC,39,MKSI,MKS Inc.,335.15,1.22,716670.0,22637414834.0,341.81,,288.03,27.3,2,"52WH,BC",16.9,0.0,10.4,0.0,0.0
2026-06-03,2026-06-03 23:13:10 UTC,40,BB,Blackberry,10.18,-1.3599999999999999,89672779.0,5966105123.0,,81.78999999999999,,26.2,3,"1M,ACT,OPT",0.0,5.8,0.0,10.2,10.3
2026-06-03,2026-06-03 23:13:10 UTC,41,DOCN,Digitalocean Hldgs Inc,173.68,0.35000000000000003,3278719.0,18125970956.0,179.81,,355.19,26.0,2,"52WH,BC",13.1,0.0,12.9,0.0,0.0
2026-06-03,2026-06-03 23:13:10 UTC,42,SANM,Sanmina Corporat,282.72,1.5699999999999998,981323.0,15153151639.0,288.68,,243.62,25.9,2,"52WH,BC",18.5,0.0,7.5,0.0,0.0
2026-06-03,2026-06-03 23:13:10 UTC,43,ASTC,Astrotech Corp,40.3,,5195300.0,70885805.0,,1314.04,,25.0,1,1M,0.0,25.0,0.0,0.0,0.0
2026-06-03,2026-06-03 23:13:10 UTC,44,HIMX,Himax Technologi,24.19,0.88,5147033.0,4219362859.0,25.09,98.6,,24.9,2,"52WH,1M",15.3,9.6,0.0,0.0,0.0
2026-06-03,2026-06-03 23:13:10 UTC,45,VCIG,VCI Global Ltd,7.86,,623567.0,30685919.0,,745.16,,24.7,1,1M,0.0,24.7,0.0,0.0,0.0
2026-06-03,2026-06-03 23:13:10 UTC,46,BRKR,Bruker Corp,62.7,9.4,4416895.0,9544546624.0,63.02,,,24.5,1,52WH,24.5,0.0,0.0,0.0,0.0
2026-06-03,2026-06-03 23:13:10 UTC,47,QUCY,Quantum Cyber N.V.,2.46,,3226388.0,56007444.0,,575.82,,24.5,1,1M,0.0,24.5,0.0,0.0,0.0
2026-06-03,2026-06-03 23:13:10 UTC,48,VBNK,Versabank,20.07,10.7,416021.0,646167638.0,20.77,,,24.4,1,52WH,24.4,0.0,0.0,0.0,0.0
2026-06-03,2026-06-03 23:13:10 UTC,49,JDZG,Jiade Limited,67.0,,1577943.0,363909227.0,,453.72,,24.2,1,1M,0.0,24.2,0.0,0.0,0.0
2026-06-03,2026-06-03 23:13:10 UTC,50,UTI,Universal Technical Institute,44.53,6.890000000000001,2194902.0,2451883295.0,44.87,,,24.2,1,52WH,24.2,0.0,0.0,0.0,0.0
2026-06-03,2026-06-03 23:13:10 UTC,51,NBIX,Neurocrine Biosciences Inc,165.11,6.63,1941949.0,16601807693.0,165.81,,,24.1,1,52WH,24.1,0.0,0.0,0.0,0.0
2026-06-03,2026-06-03 23:13:10 UTC,52,AIIO,Robo.ai Inc,2.82,,2571931.0,55789551.0,,368.44,,24.0,1,1M,0.0,24.0,0.0,0.0,0.0
2026-06-03,2026-06-03 23:13:10 UTC,53,EQ,Equillium,3.11,11.469999999999999,3700504.0,196634589.0,3.45,,,23.9,1,52WH,23.9,0.0,0.0,0.0,0.0
2026-06-03,2026-06-03 23:13:10 UTC,54,EXEL,Exelixis Inc,51.6,6.3,2979295.0,12969922282.0,52.96,,,23.8,1,52WH,23.8,0.0,0.0,0.0,0.0
2026-06-03,2026-06-03 23:13:10 UTC,55,URI,United Rental,1056.58,6.21,860050.0,66191099195.0,1067.88,,,23.8,1,52WH,23.8,0.0,0.0,0.0,0.0
2026-06-03,2026-06-03 23:13:10 UTC,56,ALGM,"Allegro Microsystems, Inc.",53.11,5.52,2881403.0,9890271982.0,54.1,,,23.7,1,52WH,23.7,0.0,0.0,0.0,0.0
2026-06-03,2026-06-03 23:13:10 UTC,57,NTCL,Netclass Technology Inc.,1.76,,1157311.0,105499511.0,,362.78999999999996,,23.7,1,1M,0.0,23.7,0.0,0.0,0.0
2026-06-03,2026-06-03 23:13:10 UTC,58,ILMN,Illumina Inc,170.93,5.16,3140425.0,25861709000.0,172.49,,,23.6,1,52WH,23.6,0.0,0.0,0.0,0.0
2026-06-03,2026-06-03 23:13:10 UTC,59,POET,Poet Technologies Inc,15.38,11.29,55518124.0,2654517344.0,,,,23.5,2,"ACT,OPT",0.0,0.0,0.0,11.5,11.9
2026-06-03,2026-06-03 23:13:10 UTC,60,CRUS,Cirrus Logic Inc,178.9,4.8500000000000005,461929.0,9049279557.0,180.42,,,23.5,1,52WH,23.5,0.0,0.0,0.0,0.0
2026-06-03,2026-06-03 23:13:10 UTC,61,AMKR,Amkor Tech,75.2,0.73,4980957.0,18640013353.0,79.5,,268.6,23.4,2,"52WH,BC",14.4,0.0,9.0,0.0,0.0
2026-06-03,2026-06-03 23:13:10 UTC,62,VPG,Vishay Precision Group Inc,129.93,-2.26,359957.0,1728198930.0,136.21,103.17,388.66,23.4,2,"1M,BC",0.0,11.1,12.3,0.0,0.0
2026-06-03,2026-06-03 23:13:10 UTC,63,CYRX,Cryoport Inc,16.5,4.83,2211374.0,831638164.0,16.7,,,23.4,1,52WH,23.4,0.0,0.0,0.0,0.0
2026-06-03,2026-06-03 23:13:10 UTC,64,CVGI,Commercial Veh Group Inc,5.78,4.33,634201.0,209570951.0,5.88,,,23.1,1,52WH,23.1,0.0,0.0,0.0,0.0
2026-06-03,2026-06-03 23:13:10 UTC,65,QTEX,QTREX Quantum Ltd.,2.11,,21335558.0,93838578.0,,343.56,,23.0,1,1M,0.0,23.0,0.0,0.0,0.0
2026-06-03,2026-06-03 23:13:10 UTC,66,ECOR,Electrocore,9.86,4.34,133496.0,81795671.0,10.37,,,22.9,1,52WH,22.9,0.0,0.0,0.0,0.0
2026-06-03,2026-06-03 23:13:10 UTC,67,KLAC,Kla Corp,2125.11,3.91,1018106.0,277597851152.0,2145.52,,,22.8,1,52WH,22.8,0.0,0.0,0.0,0.0
2026-06-03,2026-06-03 23:13:10 UTC,68,ROST,Ross Stores,232.62,3.93,2994428.0,74938102187.0,237.41,,,22.8,1,52WH,22.8,0.0,0.0,0.0,0.0
2026-06-03,2026-06-03 23:13:10 UTC,69,HCWB,Hcw Biologics Inc.,1.68,,1250566.0,12030732.0,,310.46,,22.5,1,1M,0.0,22.5,0.0,0.0,0.0
2026-06-03,2026-06-03 23:13:10 UTC,70,STRZ,Starz Entertainment Corporation,27.25,3.85,235785.0,457510196.0,28.14,,,22.5,1,52WH,22.5,0.0,0.0,0.0,0.0
2026-06-03,2026-06-03 23:13:10 UTC,71,ALKS,Alkermes Plc,42.76,3.4799999999999995,1998584.0,7127057507.0,42.87,,,22.4,1,52WH,22.4,0.0,0.0,0.0,0.0
2026-06-03,2026-06-03 23:13:10 UTC,72,JCI,Johnson Controls International,146.96,3.5000000000000004,5298213.0,89662589016.0,148.38,,,22.4,1,52WH,22.4,0.0,0.0,0.0,0.0
2026-06-03,2026-06-03 23:13:10 UTC,73,ADI,Analog Devices,437.67,3.42,5695279.0,213183384796.0,439.7,,,22.3,1,52WH,22.3,0.0,0.0,0.0,0.0
2026-06-03,2026-06-03 23:13:10 UTC,74,PRAX,"Praxis Precision Medicines, Inc.",278.93,8.08,676539.0,7776226431.0,366.52,,,22.3,1,52WH,22.3,0.0,0.0,0.0,0.0
2026-06-03,2026-06-03 23:13:10 UTC,75,SVCO,Silvaco Group,12.68,4.19,2185878.0,414490902.0,14.14,,,22.3,1,52WH,22.3,0.0,0.0,0.0,0.0
2026-06-03,2026-06-03 23:13:10 UTC,76,AAON,Aaon Inc,148.25,3.3099999999999996,1190652.0,12143411007.0,150.46,,,22.0,1,52WH,22.0,0.0,0.0,0.0,0.0
2026-06-03,2026-06-03 23:13:10 UTC,77,BWA,Borgwarner Inc,76.55,3.3300000000000005,4842787.0,15701548733.0,78.82,,,22.0,1,52WH,22.0,0.0,0.0,0.0,0.0
2026-06-03,2026-06-03 23:13:10 UTC,78,ODFL,Old Dominion Freight Line Inc,236.06,3.18,2344796.0,49092992884.0,236.84,,,22.0,1,52WH,22.0,0.0,0.0,0.0,0.0
2026-06-03,2026-06-03 23:13:10 UTC,79,TWST,Twist Bioscience,72.33,3.11,1431667.0,4504084141.0,72.99,,,21.9,1,52WH,21.9,0.0,0.0,0.0,0.0
2026-06-03,2026-06-03 23:13:10 UTC,80,STM,Stmicro,79.71,0.25,15322440.0,70845780102.0,81.42,,276.05,21.7,2,"52WH,BC",12.7,0.0,9.1,0.0,0.0
2026-06-03,2026-06-03 23:13:10 UTC,81,PIII,P3 HEALTH PARTNERS INC,10.05,,281294.0,72812069.0,,247.75,,21.7,1,1M,0.0,21.7,0.0,0.0,0.0
2026-06-03,2026-06-03 23:13:10 UTC,82,TITN,Titan Machy Inc,23.95,2.83,249730.0,558254549.0,24.17,,,21.6,1,52WH,21.6,0.0,0.0,0.0,0.0
2026-06-03,2026-06-03 23:13:10 UTC,83,REPL,Replimune Group,9.98,,9003182.0,824074737.0,,247.73999999999998,,21.5,1,1M,0.0,21.5,0.0,0.0,0.0
2026-06-03,2026-06-03 23:13:10 UTC,84,VATE,Innovate Corp,16.54,2.9899999999999998,44979.0,225636463.0,16.98,,,21.5,1,52WH,21.5,0.0,0.0,0.0,0.0
2026-06-03,2026-06-03 23:13:10 UTC,85,NTAP,Netapp Inc,181.08,3.1,3433194.0,35732588832.0,192.83,,,21.4,1,52WH,21.4,0.0,0.0,0.0,0.0
2026-06-03,2026-06-03 23:13:10 UTC,86,IESC,Ies Holdings Inc,724.45,2.77,217234.0,14433859937.0,737.87,,,21.3,1,52WH,21.3,0.0,0.0,0.0,0.0
2026-06-03,2026-06-03 23:13:10 UTC,87,RVMD,"Revolution Medicines, Inc.",155.99,3.09,2006492.0,33162922107.0,166.5,,,21.3,1,52WH,21.3,0.0,0.0,0.0,0.0
2026-06-03,2026-06-03 23:13:10 UTC,88,VSTS,Vestis Corporation,13.15,2.73,1891216.0,1737181828.0,13.25,,,21.3,1,52WH,21.3,0.0,0.0,0.0,0.0
2026-06-03,2026-06-03 23:13:10 UTC,89,OTLK,Outlook Therapeutics Inc,0.8098,,10974378.0,120325848.0,,235.04,,21.2,1,1M,0.0,21.2,0.0,0.0,0.0
2026-06-03,2026-06-03 23:13:10 UTC,90,IART,Integra Lifesciences Hldgs Cp,16.1,2.74,766645.0,1252530138.0,16.7,,,21.1,1,52WH,21.1,0.0,0.0,0.0,0.0
2026-06-03,2026-06-03 23:13:10 UTC,91,PLXS,Plexus Corp,287.55,2.65,483554.0,7693808858.0,292.33,,,21.1,1,52WH,21.1,0.0,0.0,0.0,0.0
2026-06-03,2026-06-03 23:13:10 UTC,92,BTSG,"BrightSpring Health Services, Inc.",60.88,2.6,1828754.0,11805752070.0,62.11,,,21.0,1,52WH,21.0,0.0,0.0,0.0,0.0
2026-06-03,2026-06-03 23:13:10 UTC,93,RIVN,"Rivian Automotive, Inc. / De",18.27,5.67,51775598.0,23027927734.0,,,,20.9,2,"ACT,OPT",0.0,0.0,0.0,9.1,11.8
2026-06-03,2026-06-03 23:13:10 UTC,94,FSLR,First Solar,318.25,2.33,2701379.0,34197032774.0,320.95,,,20.8,1,52WH,20.8,0.0,0.0,0.0,0.0
2026-06-03,2026-06-03 23:13:10 UTC,95,PCLA,PicoCELA,6.17,,42847.0,59317176.0,,228.18999999999997,,20.7,1,1M,0.0,20.7,0.0,0.0,0.0
2026-06-03,2026-06-03 23:13:10 UTC,96,HUBC,Hub Cyber Security Israel Ltd,0.6496,35.33,283203272.0,832820.0,,82.99,,20.5,2,"1M,ACT",0.0,6.1,0.0,14.5,0.0
2026-06-03,2026-06-03 23:13:10 UTC,97,AMAT,Applied Matls Inc,500.77,2.19,8947738.0,397591063761.0,508.26,,,20.5,1,52WH,20.5,0.0,0.0,0.0,0.0
2026-06-03,2026-06-03 23:13:10 UTC,98,CODX,Co-Diagnostics Inc,5.17,,1167062.0,18908654.0,,225.15999999999997,,20.5,1,1M,0.0,20.5,0.0,0.0,0.0
2026-06-03,2026-06-03 23:13:10 UTC,99,GNTA,Genenta Science Spa,2.11,,964259.0,49777052.0,,214.93,,20.2,1,1M,0.0,20.2,0.0,0.0,0.0
2026-06-03,2026-06-03 23:13:10 UTC,100,HUM,Humana,327.54,2.08,1125071.0,39324943710.0,333.31,,,20.2,1,52WH,20.2,0.0,0.0,0.0,0.0
2026-06-04,2026-06-04 22:43:31 UTC,1,MRVL,Marvell Technology Inc,316.43,4.9,86474046.0,276812964000.0,324.2,83.81,361.28,63.6,5,"52WH,1M,BC,ACT,OPT",20.3,6.6,14.1,10.5,12.1
2026-06-04,2026-06-04 22:43:31 UTC,2,RDW,Redwire Corporation,21.43,15.09,74851239.0,4262828341.0,26.64,122.30000000000001,,59.4,4,"52WH,1M,ACT,OPT",22.6,14.4,0.0,12.0,10.3
2026-06-04,2026-06-04 22:43:31 UTC,3,STI,Solidion Tech,22.71,350.59999999999997,105058579.0,175904460.0,38.15,323.69,,58.5,3,"52WH,1M,ACT",21.5,22.7,0.0,14.3,0.0
2026-06-04,2026-06-04 22:43:31 UTC,4,HYLN,Hyliion Holdings Corporation,7.62,17.96,7838612.0,1358853568.0,7.86,218.82999999999998,252.34,54.1,3,"52WH,1M,BC",24.4,20.2,9.5,0.0,0.0
2026-06-04,2026-06-04 22:43:31 UTC,5,SPCE,Virgin Galactic Holdings Inc,4.72,10.02,74652600.0,475225827.0,8.9,77.44,,46.1,4,"52WH,1M,ACT,OPT",18.9,5.1,0.0,12.0,10.1
2026-06-04,2026-06-04 22:43:31 UTC,6,STAK,STAK inc.,4.24,17.45,3107133.0,81451879.0,4.79,303.81,,46.0,2,"52WH,1M",23.5,22.5,0.0,0.0,0.0
2026-06-04,2026-06-04 22:43:31 UTC,7,AGL,Agilon Health Inc,95.23,15.15,305013.0,1588796940.0,98.53,241.94,,44.8,2,"52WH,1M",24.1,20.7,0.0,0.0,0.0
2026-06-04,2026-06-04 22:43:31 UTC,8,CHRN,ChronoScale Corp,23.36,22.689999999999998,613699.0,3342661380.0,23.36,71.00999999999999,455.18,43.1,3,"52WH,1M,BC",24.8,1.2,17.1,0.0,0.0
2026-06-04,2026-06-04 22:43:31 UTC,9,INOD,Innodata,121.5,12.22,2994538.0,3967625997.0,125.14,161.23000000000002,,41.9,2,"52WH,1M",23.7,18.2,0.0,0.0,0.0
2026-06-04,2026-06-04 22:43:31 UTC,10,PIII,P3 HEALTH PARTNERS INC,11.02,9.65,126005.0,79839701.0,16.89,285.31,,41.9,2,"52WH,1M",19.9,22.0,0.0,0.0,0.0
2026-06-04,2026-06-04 22:43:31 UTC,11,QTTB,Q32 BIO INC,14.0,14.85,1054225.0,237389810.0,14.85,155.94,,41.4,2,"52WH,1M",23.8,17.7,0.0,0.0,0.0
2026-06-04,2026-06-04 22:43:31 UTC,12,AMPG,Amplitech Group Inc,5.88,10.32,9023980.0,148992138.0,6.1,155.65,,40.2,2,"52WH,1M",22.8,17.4,0.0,0.0,0.0
2026-06-04,2026-06-04 22:43:31 UTC,13,SLS,Sellas Life Sciences Group Inc,9.04,10.38,8362525.0,1681734468.0,9.51,75.53,316.03,39.5,3,"52WH,1M,BC",22.8,3.5,13.2,0.0,0.0
2026-06-04,2026-06-04 22:43:31 UTC,14,UMAC,Unusual Machines,32.3,11.92,8190446.0,1543743712.0,34.36,126.50999999999999,,37.8,2,"52WH,1M",23.2,14.6,0.0,0.0,0.0
2026-06-04,2026-06-04 22:43:31 UTC,15,APPS,Digital Turbine Inc,9.32,7.5,9153912.0,1124569644.0,9.8,134.17,,37.5,2,"52WH,1M",21.9,15.7,0.0,0.0,0.0
2026-06-04,2026-06-04 22:43:31 UTC,16,LASE,Laser Photonics Corp,3.62,15.65,67525007.0,139617112.0,,388.4,,36.3,2,"1M,ACT",0.0,23.7,0.0,12.5,0.0
2026-06-04,2026-06-04 22:43:31 UTC,17,TE,T1 Energy,11.66,1.39,41857881.0,3253939607.0,12.49,121.24999999999999,386.77,36.2,3,"1M,BC,ACT",0.0,14.1,13.5,8.6,0.0
2026-06-04,2026-06-04 22:43:31 UTC,18,NBIS,Nebius Group,259.67,3.17,12280345.0,65929744035.0,278.84,,320.57,35.2,3,"52WH,BC,OPT",14.9,0.0,12.1,0.0,8.2
2026-06-04,2026-06-04 22:43:31 UTC,19,SYRE,Spyre Therapeutics,78.48,6.75,1118948.0,6815301535.0,79.54,,320.09,34.9,2,"52WH,BC",21.6,0.0,13.3,0.0,0.0
2026-06-04,2026-06-04 22:43:31 UTC,20,PSNL,Personalis,12.1,12.24,5543602.0,1267125285.0,12.53,99.33999999999999,,34.3,2,"52WH,1M",23.7,10.6,0.0,0.0,0.0
2026-06-04,2026-06-04 22:43:31 UTC,21,VSAT,Viasat Inc,72.93,4.75,2185119.0,9959973742.0,89.79,,392.99,33.7,2,"52WH,BC",18.8,0.0,14.9,0.0,0.0
2026-06-04,2026-06-04 22:43:31 UTC,22,OPTX,Syntec Optics Holdings,13.14,4.04,884889.0,529277596.0,13.75,72.44,322.24,32.8,3,"52WH,1M,BC",18.5,1.8,12.6,0.0,0.0
2026-06-04,2026-06-04 22:43:31 UTC,23,ASYS,Amtech Systems,21.91,3.9899999999999998,380102.0,383076652.0,24.5,,409.61,32.6,2,"52WH,BC",17.6,0.0,15.0,0.0,0.0
2026-06-04,2026-06-04 22:43:31 UTC,24,BAND,Bandwidth Inc,73.19,11.57,1607058.0,2343346699.0,73.73,,250.19,32.6,2,"52WH,BC",23.5,0.0,9.0,0.0,0.0
2026-06-04,2026-06-04 22:43:31 UTC,25,DOCN,Digitalocean Hldgs Inc,180.5,3.93,3318044.0,18837734670.0,184.46,,379.02,32.2,2,"52WH,BC",18.1,0.0,14.1,0.0,0.0
2026-06-04,2026-06-04 22:43:31 UTC,26,OABI,"OmniAb, Inc.",2.66,6.4,380200.0,385627060.0,2.79,86.00999999999999,,29.2,2,"52WH,1M",21.2,8.1,0.0,0.0,0.0
2026-06-04,2026-06-04 22:43:31 UTC,27,INTC,Intel Corp,111.78,-0.83,77176201.0,561806280000.0,132.75,,433.25,28.9,3,"BC,ACT,OPT",0.0,0.0,13.1,5.6,10.2
2026-06-04,2026-06-04 22:43:31 UTC,28,STRL,Sterling Infra,993.74,3.84,817621.0,30493859927.0,1005.68,,292.56,28.9,2,"52WH,BC",17.6,0.0,11.3,0.0,0.0
2026-06-04,2026-06-04 22:43:31 UTC,29,QUIK,Quicklogic,23.74,2.9899999999999998,463762.0,432656894.0,24.33,,395.42,28.2,2,"52WH,BC",14.2,0.0,14.1,0.0,0.0
2026-06-04,2026-06-04 22:43:31 UTC,30,TXG,"10X Genomics, Inc.",33.5,4.17,4150619.0,4253032331.0,35.65,,255.72,27.9,2,"52WH,BC",18.6,0.0,9.3,0.0,0.0
2026-06-04,2026-06-04 22:43:31 UTC,31,INDP,Indaptus Therapeutics Inc,4.75,114.92999999999999,44099204.0,537901039.0,,131.70999999999998,,27.4,2,"1M,ACT",0.0,15.4,0.0,12.0,0.0
2026-06-04,2026-06-04 22:43:31 UTC,32,TOYO,TOYO CO LTD,16.99,3.2800000000000002,629578.0,641525359.0,17.43,,305.25,27.1,2,"52WH,BC",15.6,0.0,11.5,0.0,0.0
2026-06-04,2026-06-04 22:43:31 UTC,33,MU,Micron Technology,996.0,-7.739999999999999,54404117.0,1123223114796.0,1089.29,,714.89,25.9,3,"BC,ACT,OPT",0.0,0.0,12.5,4.9,8.5
2026-06-04,2026-06-04 22:43:31 UTC,34,AAOI,Applied Optoelect,202.89,10.22,,16280454996.0,233.67,,450.5,25.7,2,"BC,OPT",0.0,0.0,16.5,0.0,9.2
2026-06-04,2026-06-04 22:43:31 UTC,35,C,Citigroup Inc,135.15,4.02,11479194.0,230508725468.0,135.67,,,25.2,2,"52WH,OPT",18.7,0.0,0.0,0.0,6.5
2026-06-04,2026-06-04 22:43:31 UTC,36,ASTC,Astrotech Corp,38.45,,2396304.0,67631742.0,,1283.09,,25.0,1,1M,0.0,25.0,0.0,0.0,0.0
2026-06-04,2026-06-04 22:43:31 UTC,37,GRDX,GridAI Tech,6.06,2.19,35015.0,40318028.0,6.93,136.72,,24.9,2,"52WH,1M",9.0,15.9,0.0,0.0,0.0
2026-06-04,2026-06-04 22:43:31 UTC,38,ABSI,Absci Corp,7.34,23.57,9180843.0,1144343111.0,7.39,,,24.9,1,52WH,24.9,0.0,0.0,0.0,0.0
2026-06-04,2026-06-04 22:43:31 UTC,39,NOK,Nokia Corp ADR,16.62,-0.66,128607760.0,92950874752.0,17.45,,261.65,24.7,3,"BC,ACT,OPT",0.0,0.0,7.1,6.4,11.3
2026-06-04,2026-06-04 22:43:31 UTC,40,VCIG,VCI Global Ltd,8.25,,528260.0,45705693.0,,801.8399999999999,,24.7,1,1M,0.0,24.7,0.0,0.0,0.0
2026-06-04,2026-06-04 22:43:31 UTC,41,QUCY,Quantum Cyber N.V.,2.33,,2168681.0,53047701.0,,513.32,,24.5,1,1M,0.0,24.5,0.0,0.0,0.0
2026-06-04,2026-06-04 22:43:31 UTC,42,NTCL,Netclass Technology Inc.,2.11,,4306114.0,126479527.0,,478.08000000000004,,24.2,1,1M,0.0,24.2,0.0,0.0,0.0
2026-06-04,2026-06-04 22:43:31 UTC,43,AIIO,Robo.ai Inc,3.2,,4078501.0,63307292.0,,437.27,,24.0,1,1M,0.0,24.0,0.0,0.0,0.0
2026-06-04,2026-06-04 22:43:31 UTC,44,TSAT,TELESAT CORP,54.99,17.53,727187.0,816250828.0,59.12,,,24.0,1,52WH,24.0,0.0,0.0,0.0,0.0
2026-06-04,2026-06-04 22:43:31 UTC,45,TLYS,Tillys Inc,5.27,18.69,2882083.0,160673973.0,5.9,,,23.8,1,52WH,23.8,0.0,0.0,0.0,0.0
2026-06-04,2026-06-04 22:43:31 UTC,46,LPTH,Lightpath Technologies Inc,17.62,12.8,5303929.0,1106349351.0,18.94,,,23.6,1,52WH,23.6,0.0,0.0,0.0,0.0
2026-06-04,2026-06-04 22:43:31 UTC,47,LQDA,Liquidia Corporation,62.54,12.3,4397702.0,5561563311.0,66.24,,,23.6,1,52WH,23.6,0.0,0.0,0.0,0.0
2026-06-04,2026-06-04 22:43:31 UTC,48,SND,Smart Sand Inc,5.71,11.959999999999999,518931.0,245448238.0,5.82,,,23.6,1,52WH,23.6,0.0,0.0,0.0,0.0
2026-06-04,2026-06-04 22:43:31 UTC,49,TOI,The Oncology Institute Inc,4.74,12.06,2596482.0,473919102.0,4.895,,,23.6,1,52WH,23.6,0.0,0.0,0.0,0.0
2026-06-04,2026-06-04 22:43:31 UTC,50,HCWB,Hcw Biologics Inc.,1.63,,786649.0,11672674.0,,365.05,,23.5,1,1M,0.0,23.5,0.0,0.0,0.0
2026-06-04,2026-06-04 22:43:31 UTC,51,VERU,Veru,4.23,88.0,92583999.0,67892853.0,,90.53999999999999,,23.3,2,"1M,ACT",0.0,9.3,0.0,13.9,0.0
2026-06-04,2026-06-04 22:43:31 UTC,52,AVBP,Arrivent Biopharma Inc,33.09,11.110000000000001,744729.0,1541164367.0,33.62,,,23.2,1,52WH,23.2,0.0,0.0,0.0,0.0
2026-06-04,2026-06-04 22:43:31 UTC,53,PCLA,PicoCELA,8.03,,442671.0,77198854.0,,338.8,,23.2,1,1M,0.0,23.2,0.0,0.0,0.0
2026-06-04,2026-06-04 22:43:31 UTC,54,NRGV,ENERGY VAULT HOLDINGS INC,6.49,10.75,7552967.0,1156817825.0,6.65,,,23.1,1,52WH,23.1,0.0,0.0,0.0,0.0
2026-06-04,2026-06-04 22:43:31 UTC,55,VPG,Vishay Precision Group Inc,128.24,-1.3,779405.0,1705720240.0,136.21,101.73,379.98,23.0,2,"1M,BC",0.0,11.4,11.6,0.0,0.0
2026-06-04,2026-06-04 22:43:31 UTC,56,ABCL,Abcellera Biologics Inc.,6.37,11.360000000000001,11434618.0,1945241253.0,6.79,,,23.0,1,52WH,23.0,0.0,0.0,0.0,0.0
2026-06-04,2026-06-04 22:43:31 UTC,57,QTEX,QTREX Quantum Ltd.,1.87,,14861140.0,83164996.0,,323.84,,23.0,1,1M,0.0,23.0,0.0,0.0,0.0
2026-06-04,2026-06-04 22:43:31 UTC,58,BB,Blackberry,10.34,1.5699999999999998,97171935.0,6059874948.0,,72.61999999999999,,22.8,3,"1M,ACT,OPT",0.0,2.0,0.0,10.1,10.6
2026-06-04,2026-06-04 22:43:31 UTC,59,ELTX,"Elicio Therapeutics, Inc.",13.93,11.17,294099.0,265869108.0,14.97,,,22.8,1,52WH,22.8,0.0,0.0,0.0,0.0
2026-06-04,2026-06-04 22:43:31 UTC,60,VSH,Vishay Intertech,63.67,-0.47,11084040.0,8665858005.0,66.24,89.72,442.74,22.7,2,"1M,BC",0.0,9.1,13.6,0.0,0.0
2026-06-04,2026-06-04 22:43:31 UTC,61,IART,Integra Lifesciences Hldgs Cp,17.56,9.07,984918.0,1366113616.0,17.73,,,22.6,1,52WH,22.6,0.0,0.0,0.0,0.0
2026-06-04,2026-06-04 22:43:31 UTC,62,NN,Nextnav Inc,23.59,9.36,5829758.0,3218547391.0,24.42,,,22.6,1,52WH,22.6,0.0,0.0,0.0,0.0
2026-06-04,2026-06-04 22:43:31 UTC,63,ODC,Oil-Dri Corporation of America,84.08,8.97,154436.0,1217478988.0,85.12,,,22.5,1,52WH,22.5,0.0,0.0,0.0,0.0
2026-06-04,2026-06-04 22:43:31 UTC,64,CLOV,Clover Health Investments Corp,3.99,9.32,7458045.0,2101470452.0,4.23,,,22.3,1,52WH,22.3,0.0,0.0,0.0,0.0
2026-06-04,2026-06-04 22:43:31 UTC,65,AMG,Affiliated Managers Group Inc,334.82,7.449999999999999,544289.0,8843294299.0,336.76,,,22.2,1,52WH,22.2,0.0,0.0,0.0,0.0
2026-06-04,2026-06-04 22:43:31 UTC,66,JDZG,Jiade Limited,50.0,,555152.0,271574150.0,,290.63,,22.2,1,1M,0.0,22.2,0.0,0.0,0.0
2026-06-04,2026-06-04 22:43:31 UTC,67,TUSK,Mammoth Energy Svcs Inc,3.84,7.5600000000000005,484567.0,184975284.0,3.92,,,22.2,1,52WH,22.2,0.0,0.0,0.0,0.0
2026-06-04,2026-06-04 22:43:31 UTC,68,AVR,ANTERIS TECHNOLOGIES GLOBAL,9.65,7.82,2125989.0,939352258.0,10.14,,,22.1,1,52WH,22.1,0.0,0.0,0.0,0.0
2026-06-04,2026-06-04 22:43:31 UTC,69,HNGE,"Hinge Health, Inc.",62.98,7.359999999999999,2099424.0,4873400524.0,64.3,,,22.0,1,52WH,22.0,0.0,0.0,0.0,0.0
2026-06-04,2026-06-04 22:43:31 UTC,70,PLSE,Pulse Biosciences Inc,26.94,7.8,640655.0,1864509641.0,28.53,,,22.0,1,52WH,22.0,0.0,0.0,0.0,0.0
2026-06-04,2026-06-04 22:43:31 UTC,71,HUM,Humana,349.8,6.800000000000001,1891149.0,41997512700.0,351.88,,,21.8,1,52WH,21.8,0.0,0.0,0.0,0.0
2026-06-04,2026-06-04 22:43:31 UTC,72,FTK,Flotek Inds Inc Del,24.82,6.98,545344.0,897925128.0,25.54,,,21.7,1,52WH,21.7,0.0,0.0,0.0,0.0
2026-06-04,2026-06-04 22:43:31 UTC,73,YMAT,J-Star Holding,0.9992,,2607212.0,20034475.0,,271.45,,21.7,1,1M,0.0,21.7,0.0,0.0,0.0
2026-06-04,2026-06-04 22:43:31 UTC,74,SHLS,"Shoals Technologies Group, Inc.",12.77,3.0700000000000003,4300475.0,2142446103.0,13.18,,246.1,21.6,2,"52WH,BC",14.4,0.0,7.2,0.0,0.0
2026-06-04,2026-06-04 22:43:31 UTC,75,OUST,Ouster Inc,47.09,7.12,5252737.0,2998359168.0,49.39,,,21.6,1,52WH,21.6,0.0,0.0,0.0,0.0
2026-06-04,2026-06-04 22:43:31 UTC,76,CODX,Co-Diagnostics Inc,5.76,,1922424.0,21066508.0,,251.22,,21.5,1,1M,0.0,21.5,0.0,0.0,0.0
2026-06-04,2026-06-04 22:43:31 UTC,77,MANU,Manchester Utd Plc,22.62,7.1499999999999995,1633834.0,3900465155.0,24.22,,,21.5,1,52WH,21.5,0.0,0.0,0.0,0.0
2026-06-04,2026-06-04 22:43:31 UTC,78,SOTK,Sono Tek Corp,5.6,6.67,105600.0,87996983.0,5.74,,,21.4,1,52WH,21.4,0.0,0.0,0.0,0.0
2026-06-04,2026-06-04 22:43:31 UTC,79,IRDM,Iridium Comm,52.07,6.329999999999999,2940384.0,5505243630.0,53.83,,,21.2,1,52WH,21.2,0.0,0.0,0.0,0.0
2026-06-04,2026-06-04 22:43:31 UTC,80,LESL,"Leslie'S, Inc.",5.33,,410265.0,49885857.0,,250.66000000000003,,21.2,1,1M,0.0,21.2,0.0,0.0,0.0
2026-06-04,2026-06-04 22:43:31 UTC,81,MRCY,Mercury Sys Inc,117.82,5.58,717894.0,7074299603.0,118.57,,,21.2,1,52WH,21.2,0.0,0.0,0.0,0.0
2026-06-04,2026-06-04 22:43:31 UTC,82,GCBC,Greene Cnty Bancorp Inc,26.96,5.48,16670.0,459007075.0,26.99,,,21.1,1,52WH,21.1,0.0,0.0,0.0,0.0
2026-06-04,2026-06-04 22:43:31 UTC,83,KOPN,Kopin,6.39,3.2300000000000004,7674719.0,1168860780.0,6.61,,230.81,21.0,2,"52WH,BC",15.3,0.0,5.6,0.0,0.0
2026-06-04,2026-06-04 22:43:31 UTC,84,OTLK,Outlook Therapeutics Inc,0.7948,,11053616.0,127286069.0,,242.88,,21.0,1,1M,0.0,21.0,0.0,0.0,0.0
2026-06-04,2026-06-04 22:43:31 UTC,85,SIFY,Sify Technologie,16.96,5.93,93140.0,1227062784.0,17.85,,,21.0,1,52WH,21.0,0.0,0.0,0.0,0.0
2026-06-04,2026-06-04 22:43:31 UTC,86,OSUR,Orasure Tech,4.17,5.57,719596.0,287098466.0,4.33,,,20.8,1,52WH,20.8,0.0,0.0,0.0,0.0
2026-06-04,2026-06-04 22:43:31 UTC,87,NVTS,Navitas Semiconductor Corp,30.67,-0.5499999999999999,41156241.0,7167982801.0,34.17,83.87,251.43,20.7,3,"1M,BC,ACT",0.0,6.8,6.1,7.8,0.0
2026-06-04,2026-06-04 22:43:31 UTC,88,CADL,"Candel Therapeutics, Inc.",9.27,5.34,2852862.0,679215115.0,9.57,,,20.7,1,52WH,20.7,0.0,0.0,0.0,0.0
2026-06-04,2026-06-04 22:43:31 UTC,89,CNC,Centene Corp Del,62.7,5.29,5835322.0,30961071900.0,63.5,,,20.7,1,52WH,20.7,0.0,0.0,0.0,0.0
2026-06-04,2026-06-04 22:43:31 UTC,90,BEN,Franklin Resources Inc,31.97,5.27,7809004.0,16612800069.0,32.47,,,20.6,1,52WH,20.6,0.0,0.0,0.0,0.0
2026-06-04,2026-06-04 22:43:31 UTC,91,GS,Goldman Sachs Group Inc,1092.61,4.96,2607296.0,322328058258.0,1095.9,,,20.6,1,52WH,20.6,0.0,0.0,0.0,0.0
2026-06-04,2026-06-04 22:43:31 UTC,92,HOOD,"Robinhood Markets, Inc.",88.33,6.61,31730676.0,79541611684.0,,,,20.5,2,"ACT,OPT",0.0,0.0,0.0,7.4,13.1
2026-06-04,2026-06-04 22:43:31 UTC,93,MNTS,Momentus Inc,15.79,,8631224.0,256040834.0,,228.96,,20.5,1,1M,0.0,20.5,0.0,0.0,0.0
2026-06-04,2026-06-04 22:43:31 UTC,94,ONDS,Ondas Holdings Inc.,11.97,3.1,63194829.0,6076030964.0,,,,20.4,2,"ACT,OPT",0.0,0.0,0.0,9.9,10.5
2026-06-04,2026-06-04 22:43:31 UTC,95,GH,Guardant Health,133.06,4.75,2014263.0,17643746552.0,134.28,,,20.3,1,52WH,20.3,0.0,0.0,0.0,0.0
2026-06-04,2026-06-04 22:43:31 UTC,96,IREN,Iren Limited,61.86,-5.53,47034282.0,22107444773.0,76.87,,269.82,20.2,3,"BC,ACT,OPT",0.0,0.0,6.0,6.4,7.8
2026-06-04,2026-06-04 22:43:31 UTC,97,PEB,Pebblebrok Hotel,16.84,4.73,2240528.0,1909137917.0,16.88,,,20.2,1,52WH,20.2,0.0,0.0,0.0,0.0
2026-06-04,2026-06-04 22:43:31 UTC,98,AMC,Amc Entmt Hldgs Inc,1.96,7.1,35830039.0,1478176573.0,,,,20.1,2,"ACT,OPT",0.0,0.0,0.0,8.0,12.0
2026-06-04,2026-06-04 22:43:31 UTC,99,CCCC,"C4 Therapeutics, Inc.",4.17,5.3,1548143.0,461065315.0,4.598,,,20.1,1,52WH,20.1,0.0,0.0,0.0,0.0
2026-06-04,2026-06-04 22:43:31 UTC,100,ELV,Elevance Health Inc,409.44,4.64,1424822.0,88914964867.0,411.8,,,20.0,1,52WH,20.0,0.0,0.0,0.0,0.0
2026-06-05,2026-06-05 22:34:49 UTC,1,STI,Solidion Tech,35.72,57.29,38251634.0,276675796.0,46.0,523.39,,59.4,3,"52WH,1M,ACT",23.0,24.5,0.0,11.9,0.0
2026-06-05,2026-06-05 22:34:49 UTC,2,STAK,STAK inc.,4.93,16.27,9966508.0,94707020.0,8.8,360.75,,44.1,2,"52WH,1M",20.9,23.2,0.0,0.0,0.0
2026-06-05,2026-06-05 22:34:49 UTC,3,GRDX,GridAI Tech,6.35,4.79,121244.0,42247439.0,6.93,122.81,,40.0,2,"52WH,1M",23.4,16.7,0.0,0.0,0.0
2026-06-05,2026-06-05 22:34:49 UTC,4,PSIG,PS International,9.23,6.460000000000001,1209107.0,141925759.0,9.43,,277.96,38.7,2,"52WH,BC",24.2,0.0,14.4,0.0,0.0
2026-06-05,2026-06-05 22:34:49 UTC,5,DEVS,Devvstream Corp,0.5801,26.939999999999998,71174667.0,7684491.0,,248.41000000000003,,35.3,2,"1M,ACT",0.0,22.2,0.0,13.0,0.0
2026-06-05,2026-06-05 22:34:49 UTC,6,MRVL,Marvell Technology Inc,263.47,-16.74,92850625.0,230483556000.0,324.2,64.66,361.28,30.9,4,"1M,BC,ACT,OPT",0.0,4.3,11.8,6.5,8.3
2026-06-05,2026-06-05 22:34:49 UTC,7,LASE,Laser Photonics Corp,3.1,-14.360000000000001,40720629.0,119561615.0,,328.41,,30.0,2,"1M,ACT",0.0,23.0,0.0,7.1,0.0
2026-06-05,2026-06-05 22:34:49 UTC,8,HCHL,HAPPY CITY HLDGS LTD,4.25,14.25,756928.0,126531000.0,7.25,111.44000000000001,278.48,29.6,2,"1M,BC",0.0,15.9,13.7,0.0,0.0
2026-06-05,2026-06-05 22:34:49 UTC,9,INTC,Intel Corp,99.17,-11.28,144544502.0,498428420000.0,132.75,,349.08,27.9,3,"BC,ACT,OPT",0.0,0.0,12.4,6.4,9.1
2026-06-05,2026-06-05 22:34:49 UTC,10,JLHL,JULONG HOLDING LTD,44.8,23.59,51254.0,960898713.0,51.17,135.05,216.05,27.7,2,"1M,BC",0.0,18.4,9.2,0.0,0.0
2026-06-05,2026-06-05 22:34:49 UTC,11,MU,Micron Technology,864.01,-13.25,76665649.0,974373497404.0,1089.29,,566.74,27.3,3,"BC,ACT,OPT",0.0,0.0,12.9,6.5,7.8
2026-06-05,2026-06-05 22:34:49 UTC,12,VPG,Vishay Precision Group Inc,117.51,-8.37,608995.0,1563000510.0,136.21,88.23,324.83,26.8,2,"1M,BC",0.0,13.4,13.5,0.0,0.0
2026-06-05,2026-06-05 22:34:49 UTC,13,SPHL,Springview Hldg,5.35,123.94000000000001,40550346.0,65601593.0,,99.63,,26.5,2,"1M,ACT",0.0,14.4,0.0,12.1,0.0
2026-06-05,2026-06-05 22:34:49 UTC,14,TE,T1 Energy,9.43,-19.13,41100913.0,2631616681.0,12.49,83.11,262.34,26.1,3,"1M,BC,ACT",0.0,12.9,7.5,5.8,0.0
2026-06-05,2026-06-05 22:34:49 UTC,15,HYLN,Hyliion Holdings Corporation,6.9,-9.45,8242727.0,1230457956.0,7.97,179.35000000000002,207.65,25.7,2,"1M,BC",0.0,19.9,5.8,0.0,0.0
2026-06-05,2026-06-05 22:34:49 UTC,16,HPE,Hewlett Packard Enterprise Co,49.2,-8.36,37626934.0,65150813233.0,64.25,65.66,224.48,25.2,4,"1M,BC,ACT,OPT",0.0,4.5,8.6,5.2,6.9
2026-06-05,2026-06-05 22:34:49 UTC,17,AGX,Argan Inc,694.72,0.77,1078295.0,9698614244.0,779.0,,213.36,25.1,2,"52WH,BC",16.3,0.0,8.8,0.0,0.0
2026-06-05,2026-06-05 22:34:49 UTC,18,ASTC,Astrotech Corp,33.5,,1287211.0,58924925.0,,1113.77,,25.0,1,1M,0.0,25.0,0.0,0.0,0.0
2026-06-05,2026-06-05 22:34:49 UTC,19,VCIG,VCI Global Ltd,7.09,,475581.0,39279195.0,,690.1500000000001,,24.7,1,1M,0.0,24.7,0.0,0.0,0.0
2026-06-05,2026-06-05 22:34:49 UTC,20,HURC,Hurco Co,21.13,23.419999999999998,114313.0,136213573.0,21.91,,,24.5,1,52WH,24.5,0.0,0.0,0.0,0.0
2026-06-05,2026-06-05 22:34:49 UTC,21,TWIN,Twin Disc Inc,19.91,6.7,131856.0,287158485.0,19.99,,,24.5,1,52WH,24.5,0.0,0.0,0.0,0.0
2026-06-05,2026-06-05 22:34:49 UTC,22,HQI,Hirequest Inc,13.08,6.819999999999999,10669.0,181812000.0,13.38,,,24.4,1,52WH,24.4,0.0,0.0,0.0,0.0
2026-06-05,2026-06-05 22:34:49 UTC,23,VATE,Innovate Corp,18.98,10.67,126604.0,258922616.0,19.59,,,24.4,1,52WH,24.4,0.0,0.0,0.0,0.0
2026-06-05,2026-06-05 22:34:49 UTC,24,ARCB,Arcbest Corp,155.09,6.17,491658.0,3452889640.0,155.68,,,24.3,1,52WH,24.3,0.0,0.0,0.0,0.0
2026-06-05,2026-06-05 22:34:49 UTC,25,QUCY,Quantum Cyber N.V.,2.2,,1903496.0,50087958.0,,497.66,,24.2,1,1M,0.0,24.2,0.0,0.0,0.0
2026-06-05,2026-06-05 22:34:49 UTC,26,UNFI,United Natural Foods,55.52,4.81,826333.0,3372949096.0,55.87,,,24.1,1,52WH,24.1,0.0,0.0,0.0,0.0
2026-06-05,2026-06-05 22:34:49 UTC,27,EIG,Employers Hldgs Inc,46.53,4.63,233037.0,848843114.0,46.53,,,24.0,1,52WH,24.0,0.0,0.0,0.0,0.0
2026-06-05,2026-06-05 22:34:49 UTC,28,NTCL,Netclass Technology Inc.,2.1,,6358778.0,125880098.0,,453.93999999999994,,24.0,1,1M,0.0,24.0,0.0,0.0,0.0
2026-06-05,2026-06-05 22:34:49 UTC,29,AMN,Amn Healthcare,31.69,3.53,1644695.0,1229129987.0,31.86,,,23.8,1,52WH,23.8,0.0,0.0,0.0,0.0
2026-06-05,2026-06-05 22:34:49 UTC,30,BBCP,Concrete Pumping Hldgs Inc,10.43,30.7,4415682.0,526824577.0,11.98,,,23.8,1,52WH,23.8,0.0,0.0,0.0,0.0
2026-06-05,2026-06-05 22:34:49 UTC,31,GIII,G Iii Apparel Group Ltd,33.71,5.21,1733134.0,1422200864.0,35.84,,,23.7,1,52WH,23.7,0.0,0.0,0.0,0.0
2026-06-05,2026-06-05 22:34:49 UTC,32,HCWB,Hcw Biologics Inc.,1.63,,750944.0,11672674.0,,408.90000000000003,,23.7,1,1M,0.0,23.7,0.0,0.0,0.0
2026-06-05,2026-06-05 22:34:49 UTC,33,WMK,Weis Markets,78.22,3.36,172199.0,1935522377.0,79.07,,,23.7,1,52WH,23.7,0.0,0.0,0.0,0.0
2026-06-05,2026-06-05 22:34:49 UTC,34,GL,Globe Life Inc,159.18,3.16,396948.0,12359493055.0,159.36,,,23.6,1,52WH,23.6,0.0,0.0,0.0,0.0
2026-06-05,2026-06-05 22:34:49 UTC,35,VOYA,Voya Financial Inc,86.69,3.2800000000000002,1294063.0,7859862847.0,87.17,,,23.6,1,52WH,23.6,0.0,0.0,0.0,0.0
2026-06-05,2026-06-05 22:34:49 UTC,36,AIIO,Robo.ai Inc,2.94,,1710925.0,58163575.0,,398.97999999999996,,23.5,1,1M,0.0,23.5,0.0,0.0,0.0
2026-06-05,2026-06-05 22:34:49 UTC,37,APYX,Apyx Medical Corporation,4.47,4.2,318972.0,187176560.0,4.685,,,23.5,1,52WH,23.5,0.0,0.0,0.0,0.0
2026-06-05,2026-06-05 22:34:49 UTC,38,AMD,Adv Micro Devices,466.38,-10.86,46764287.0,760479526016.0,546.44,,253.31,23.4,3,"BC,ACT,OPT",0.0,0.0,9.0,5.5,8.8
2026-06-05,2026-06-05 22:34:49 UTC,39,VAC,Marriott Vacations Worldwide C,89.49,3.02,575816.0,3073360797.0,91.61,,,23.3,1,52WH,23.3,0.0,0.0,0.0,0.0
2026-06-05,2026-06-05 22:34:49 UTC,40,FVR,"FrontView REIT, Inc.",18.82,2.67,196341.0,426311166.0,18.95,,,23.2,1,52WH,23.2,0.0,0.0,0.0,0.0
2026-06-05,2026-06-05 22:34:49 UTC,41,VSH,Vishay Intertech,57.2,-10.16,10615704.0,7785253304.0,66.24,75.51,383.25,23.1,2,"1M,BC",0.0,9.3,13.8,0.0,0.0
2026-06-05,2026-06-05 22:34:49 UTC,42,GCBC,Greene Cnty Bancorp Inc,27.62,2.45,34866.0,470243895.0,28.0,,,23.0,1,52WH,23.0,0.0,0.0,0.0,0.0
2026-06-05,2026-06-05 22:34:49 UTC,43,PEBK,People Bncp Nc,43.08,2.4299999999999997,45075.0,235280989.0,43.37,,,23.0,1,52WH,23.0,0.0,0.0,0.0,0.0
2026-06-05,2026-06-05 22:34:49 UTC,44,SPCE,Virgin Galactic Holdings Inc,4.38,-7.199999999999999,34220144.0,440993458.0,,74.5,,22.9,3,"1M,ACT,OPT",0.0,8.8,0.0,8.1,6.0
2026-06-05,2026-06-05 22:34:49 UTC,45,TOI,The Oncology Institute Inc,4.87,2.74,4157295.0,486916883.0,5.17,,,22.9,1,52WH,22.9,0.0,0.0,0.0,0.0
2026-06-05,2026-06-05 22:34:49 UTC,46,UE,Urban Edge Pptys,22.89,2.42,705545.0,2884597662.0,23.04,,,22.9,1,52WH,22.9,0.0,0.0,0.0,0.0
2026-06-05,2026-06-05 22:34:49 UTC,47,UNM,Unum,86.84,2.27,1169340.0,13874968247.0,86.88,,,22.9,1,52WH,22.9,0.0,0.0,0.0,0.0
2026-06-05,2026-06-05 22:34:49 UTC,48,AGL,Agilon Health Inc,96.85,1.7000000000000002,215165.0,1615824674.0,99.14,59.660000000000004,,22.8,2,"52WH,1M",21.5,1.3,0.0,0.0,0.0
2026-06-05,2026-06-05 22:34:49 UTC,49,PAMT,PAMT CORP,13.77,2.91,9665.0,288388373.0,14.87,,,22.8,1,52WH,22.8,0.0,0.0,0.0,0.0
2026-06-05,2026-06-05 22:34:49 UTC,50,ELMD,Electromed,37.69,2.64,55369.0,312075612.0,40.0,,,22.7,1,52WH,22.7,0.0,0.0,0.0,0.0
2026-06-05,2026-06-05 22:34:49 UTC,51,PCLA,PicoCELA,7.1,,39954.0,68258015.0,,294.44,,22.7,1,1M,0.0,22.7,0.0,0.0,0.0
2026-06-05,2026-06-05 22:34:49 UTC,52,CTO,Cto Realty Growth Inc,20.52,2.2399999999999998,284725.0,693239307.0,20.93,,,22.6,1,52WH,22.6,0.0,0.0,0.0,0.0
2026-06-05,2026-06-05 22:34:49 UTC,53,RDW,Redwire Corporation,18.45,-13.91,53869431.0,3670050531.0,,100.54,,22.5,2,"1M,ACT",0.0,15.2,0.0,7.4,0.0
2026-06-05,2026-06-05 22:34:49 UTC,54,ATLO,Ames Natl,29.81,2.19,155149.0,264033728.0,30.11,,,22.5,1,52WH,22.5,0.0,0.0,0.0,0.0
2026-06-05,2026-06-05 22:34:49 UTC,55,OTLK,Outlook Therapeutics Inc,0.7767,,12044909.0,124387381.0,,260.08,,22.5,1,1M,0.0,22.5,0.0,0.0,0.0
2026-06-05,2026-06-05 22:34:49 UTC,56,H,Hyatt Hotels,193.06,2.08,831548.0,18178839654.0,195.04,,,22.4,1,52WH,22.4,0.0,0.0,0.0,0.0
2026-06-05,2026-06-05 22:34:49 UTC,57,NODK,Ni Hldgs Inc,14.87,1.9900000000000002,20882.0,304558968.0,15.09,,,22.3,1,52WH,22.3,0.0,0.0,0.0,0.0
2026-06-05,2026-06-05 22:34:49 UTC,58,SPG,Simon Prop Grp,210.31,1.9800000000000002,1406466.0,68201411392.0,211.23,,,22.3,1,52WH,22.3,0.0,0.0,0.0,0.0
2026-06-05,2026-06-05 22:34:49 UTC,59,AVA,Avista US,42.42,1.95,730957.0,3505522200.0,42.94,,,22.1,1,52WH,22.1,0.0,0.0,0.0,0.0
2026-06-05,2026-06-05 22:34:49 UTC,60,MAC,Macerich,23.66,1.8900000000000001,2388519.0,6706691684.0,23.75,,,22.1,1,52WH,22.1,0.0,0.0,0.0,0.0
2026-06-05,2026-06-05 22:34:49 UTC,61,MAR,Marriott Intl Inc,392.51,1.87,1974690.0,103500421413.0,396.65,,,22.0,1,52WH,22.0,0.0,0.0,0.0,0.0
2026-06-05,2026-06-05 22:34:49 UTC,62,YMAT,J-Star Holding,0.83,,1317192.0,16641928.0,,245.10999999999999,,22.0,1,1M,0.0,22.0,0.0,0.0,0.0
2026-06-05,2026-06-05 22:34:49 UTC,63,FCCO,First Community,31.36,1.82,195058.0,294720025.0,31.65,,,21.9,1,52WH,21.9,0.0,0.0,0.0,0.0
2026-06-05,2026-06-05 22:34:49 UTC,64,MEC,Mayville Engineering,33.25,1.7399999999999998,820969.0,825996699.0,33.5,,,21.8,1,52WH,21.8,0.0,0.0,0.0,0.0
2026-06-05,2026-06-05 22:34:49 UTC,65,VSXY,Victorias Secret And Co,74.6,2.08,3254527.0,5925154832.0,81.28,,,21.8,1,52WH,21.8,0.0,0.0,0.0,0.0
2026-06-05,2026-06-05 22:34:49 UTC,66,CHMG,Chemung Financia,71.03,1.81,59708.0,342351814.0,72.31,,,21.7,1,52WH,21.7,0.0,0.0,0.0,0.0
2026-06-05,2026-06-05 22:34:49 UTC,67,MNTS,Momentus Inc,14.91,,8003534.0,241771300.0,,238.09999999999997,,21.7,1,1M,0.0,21.7,0.0,0.0,0.0
2026-06-05,2026-06-05 22:34:49 UTC,68,PSO,Pearson,15.56,1.7000000000000002,856856.0,9861346974.0,15.64,,,21.6,1,52WH,21.6,0.0,0.0,0.0,0.0
2026-06-05,2026-06-05 22:34:49 UTC,69,DELL,Dell Technologies,394.39,-6.550000000000001,10959085.0,256183236709.0,469.47,71.27,226.99,21.5,3,"1M,BC,OPT",0.0,7.8,9.1,0.0,4.6
2026-06-05,2026-06-05 22:34:49 UTC,70,CNO,Cno Finl Group Inc,47.91,1.68,562687.0,4472326778.0,48.13,,,21.5,1,52WH,21.5,0.0,0.0,0.0,0.0
2026-06-05,2026-06-05 22:34:49 UTC,71,LESL,"Leslie'S, Inc.",4.63,,348238.0,43334244.0,,223.78,,21.5,1,1M,0.0,21.5,0.0,0.0,0.0
2026-06-05,2026-06-05 22:34:49 UTC,72,RHP,Ryman Hospitality Pptys Inc,119.03,1.68,434161.0,7511896646.0,119.71,,,21.5,1,52WH,21.5,0.0,0.0,0.0,0.0
2026-06-05,2026-06-05 22:34:49 UTC,73,PFG,Principal Financial,105.22,1.6500000000000001,1421157.0,22728823044.0,105.56,,,21.4,1,52WH,21.4,0.0,0.0,0.0,0.0
2026-06-05,2026-06-05 22:34:49 UTC,74,CSX,Csx Corp,46.99,1.6400000000000001,13615343.0,87313944843.0,47.25,,,21.3,1,52WH,21.3,0.0,0.0,0.0,0.0
2026-06-05,2026-06-05 22:34:49 UTC,75,FNLC,First Bancorp,29.81,1.6400000000000001,26295.0,336130345.0,29.99,,,21.2,1,52WH,21.2,0.0,0.0,0.0,0.0
2026-06-05,2026-06-05 22:34:49 UTC,76,PIII,P3 HEALTH PARTNERS INC,11.58,,69841.0,83896891.0,,223.45999999999998,,21.2,1,1M,0.0,21.2,0.0,0.0,0.0
2026-06-05,2026-06-05 22:34:49 UTC,77,NRXP,Nrx Pharmaceuticals Inc,4.14,2.22,2022317.0,149988026.0,5.06,,,21.1,1,52WH,21.1,0.0,0.0,0.0,0.0
2026-06-05,2026-06-05 22:34:49 UTC,78,OLP,One Liberty,24.05,1.6099999999999999,49834.0,524757724.0,24.35,,,21.1,1,52WH,21.1,0.0,0.0,0.0,0.0
2026-06-05,2026-06-05 22:34:49 UTC,79,GNTA,Genenta Science Spa,2.04,,732279.0,48125680.0,,218.65,,21.0,1,1M,0.0,21.0,0.0,0.0,0.0
2026-06-05,2026-06-05 22:34:49 UTC,80,IVT,Inventrust P Ord,33.45,1.55,422292.0,2606954416.0,33.79,,,21.0,1,52WH,21.0,0.0,0.0,0.0,0.0
2026-06-05,2026-06-05 22:34:49 UTC,81,RPRX,Royalty Pharma Plc,55.87,1.54,6027403.0,32171745237.0,56.07,,,21.0,1,52WH,21.0,0.0,0.0,0.0,0.0
2026-06-05,2026-06-05 22:34:49 UTC,82,SOAR,Volato Group Inc-A,0.365,14.06,44492624.0,11279654.0,,75.48,,20.8,2,"1M,ACT",0.0,9.1,0.0,11.8,0.0
2026-06-05,2026-06-05 22:34:49 UTC,83,PCB,Pcb Bancorp,25.2,1.49,36438.0,358715019.0,25.43,,,20.8,1,52WH,20.8,0.0,0.0,0.0,0.0
2026-06-05,2026-06-05 22:34:49 UTC,84,AROW,Arrow Finl Corp,37.46,1.49,61650.0,619177051.0,37.82,,,20.7,1,52WH,20.7,0.0,0.0,0.0,0.0
2026-06-05,2026-06-05 22:34:49 UTC,85,ELV,Elevance Health Inc,415.53,1.49,1739187.0,90237483761.0,416.56,,,20.7,1,52WH,20.7,0.0,0.0,0.0,0.0
2026-06-05,2026-06-05 22:34:49 UTC,86,QTEX,QTREX Quantum Ltd.,1.42,,14354061.0,63152029.0,,215.56000000000003,,20.7,1,1M,0.0,20.7,0.0,0.0,0.0
2026-06-05,2026-06-05 22:34:49 UTC,87,VVX,V2X,84.94,1.48,411214.0,2659512510.0,85.01,,,20.6,1,52WH,20.6,0.0,0.0,0.0,0.0
2026-06-05,2026-06-05 22:34:49 UTC,88,CODX,Co-Diagnostics Inc,5.63,,662926.0,20591049.0,,191.71,,20.5,1,1M,0.0,20.5,0.0,0.0,0.0
2026-06-05,2026-06-05 22:34:49 UTC,89,KRG,Kite Rlty Group Tr,27.69,1.47,1415530.0,5622912797.0,27.93,,,20.4,1,52WH,20.4,0.0,0.0,0.0,0.0
2026-06-05,2026-06-05 22:34:49 UTC,90,HLT,Hilton Worldwide Hldgs Inc,343.1,1.46,1291692.0,78106156433.0,346.85,,,20.3,1,52WH,20.3,0.0,0.0,0.0,0.0
2026-06-05,2026-06-05 22:34:49 UTC,91,ACNB,Acnb Corp,54.88,1.39,65068.0,560436974.0,55.66,,,20.2,1,52WH,20.2,0.0,0.0,0.0,0.0
2026-06-05,2026-06-05 22:34:49 UTC,92,REPL,Replimune Group,9.47,,4606729.0,781962701.0,,183.53,,20.2,1,1M,0.0,20.2,0.0,0.0,0.0
2026-06-05,2026-06-05 22:34:49 UTC,93,BHB,Bar Harbor Bk,35.95,1.38,98897.0,601878638.0,36.55,,,20.1,1,52WH,20.1,0.0,0.0,0.0,0.0
2026-06-05,2026-06-05 22:34:49 UTC,94,FISI,Financial Instns Inc,37.11,1.34,79700.0,730561190.0,37.5,,,20.1,1,52WH,20.1,0.0,0.0,0.0,0.0
2026-06-05,2026-06-05 22:34:49 UTC,95,HGV,Hilton Grand Vac,49.74,1.49,2499796.0,3942663632.0,53.82,,,20.1,1,52WH,20.1,0.0,0.0,0.0,0.0
2026-06-05,2026-06-05 22:34:49 UTC,96,GABC,German Amern Bancorp Inc,44.28,1.3,136085.0,1663347912.0,44.66,,,20.0,1,52WH,20.0,0.0,0.0,0.0,0.0
2026-06-05,2026-06-05 22:34:49 UTC,97,IREN,Iren Limited,54.35,-12.139999999999999,63944187.0,19423530931.0,76.87,,206.97,19.9,3,"BC,ACT,OPT",0.0,0.0,4.1,8.1,7.7
2026-06-05,2026-06-05 22:34:49 UTC,98,AAOI,Applied Optoelect,177.0,-12.76,,14202969759.0,233.67,,401.15,19.9,2,"BC,OPT",0.0,0.0,12.9,0.0,7.0
2026-06-05,2026-06-05 22:34:49 UTC,99,SNDK,Sandisk Corp,1559.32,-11.39,,230919321444.0,1861.0,,2088.4,19.9,2,"BC,OPT",0.0,0.0,14.5,0.0,5.3
2026-06-05,2026-06-05 22:34:49 UTC,100,FRAF,Franklin Finl Svcs Corp,58.73,1.25,28015.0,263853304.0,60.0,,,19.8,1,52WH,19.8,0.0,0.0,0.0,0.0
